name,age,street,city,state,zip,lng,lat
Matthew Campbell,75,81930 Lauren Passage,Port Michael,New Jersey,32902,-128.245722,88.7411215
Cheryl Williams,41,22336 Nguyen Ridge,Port Johnport,California,75250,-145.885707,8.527849
Jennifer Mcmillan,79,559 Stephanie Springs,Wongtown,Illinois,16424,4.207161,-85.193111
Jeffrey Turner,48,367 Hartman Estates Apt. 379,New Billberg,North Carolina,5642,121.66923,5.0895305
Nicholas Mclean,58,1131 Hall Squares,East Monicaburgh,Minnesota,12267,-26.203369,-75.8256525
Sherry Bryant MD,70,4697 White Mill Suite 961,East Richard,Massachusetts,65993,83.851461,42.5784925
John Ellis,60,451 Mckenzie Ranch Suite 201,Vanessaland,Louisiana,41335,167.388885,-74.666302
Hannah Huff,71,605 Fry Rapid Apt. 120,Jamestown,North Carolina,23250,66.0779,27.061854
Deanna Ellis,71,986 Wheeler Viaduct Suite 739,North Krista,Louisiana,90405,164.774257,46.4621045
Kristen Hayes,73,2356 Oliver Wells Suite 352,Frankport,New York,77093,-157.754145,-58.613837
Julie Willis,60,010 Church Pass Suite 877,Catherinechester,Nevada,70706,-33.942282,-66.7438515
Penny Smith,56,4360 Bond Pass Suite 466,Lake Chelsea,Minnesota,55177,37.763891,-9.0436475
Richard Rasmussen,41,509 Gregory Expressway,Parkerside,West Virginia,8711,-24.490041,10.2425505
William Flores,58,7850 Harrison Court,New Jamie,Arkansas,69910,50.513252,-64.179712
James Martinez,79,612 Maria Harbor,Jonmouth,New Jersey,78780,160.18569,-6.5838895
Vicki Ruiz,55,813 Lisa Center,North Sherryborough,Iowa,23250,-29.521669,20.0410755
John Bass,78,1478 Rebecca Lock Apt. 905,Mariahstad,Connecticut,60571,-17.912516,14.9642095
Peter Thomas,45,82336 Monique Trafficway Apt. 122,North Amandaburgh,California,29328,-138.894201,-47.8188545
Richard Torres,43,823 Christopher Glens,East Brittanyburgh,South Carolina,23291,61.368528,-5.4527075
Karen Chavez,70,53161 Mcdonald Locks Apt. 563,South Zacharyborough,Iowa,61613,-55.013912,-42.9047585
Michael Moore,76,153 Bobby Loop Apt. 751,New Frank,Iowa,87015,-13.467977,42.6689435
Catherine Grant,76,51907 Nancy Radial,New Brianland,Massachusetts,86099,-145.63998,51.1832075
Dana Garcia,48,77192 William Center,Lake Justin,South Carolina,98627,19.74462,37.5026885
Alexis Johnson,79,650 Miller Lake Suite 031,Williamsshire,Virginia,7526,-123.506195,11.8944955
Elizabeth Rowe,41,62861 Beck Place Suite 767,North Chelsey,Idaho,81457,133.757369,-84.525413
Richard Wilkins,57,8222 Grant Throughway Suite 514,West Tommyborough,West Virginia,77885,-136.113038,-43.8728175
Brandon Mcclure,49,74627 Scott Burgs Suite 611,West Aliciamouth,Kansas,38106,85.680721,48.8059175
Samantha Williams,68,5505 Diane Islands,Edwardfurt,North Dakota,81658,-82.037902,-10.830846
Denise Perez,51,4463 Edwards Shoals Suite 232,New Alex,Wyoming,10628,19.64824,-73.3935465
Terry Ortiz,70,06727 Hood Fork Suite 850,Chenport,Alaska,39860,25.18629,-45.2571115
Roger Leblanc,46,16713 Crawford Row Suite 597,West Michaelchester,North Carolina,41951,-30.439204,-9.658313
Michele Hodges,75,644 Dunlap Viaduct Apt. 351,North Timothy,Vermont,77858,168.48574,23.152043
Kristopher Butler,67,496 Watkins Haven,Patriciaside,Illinois,57520,29.164018,70.3867615
Jennifer King,45,0030 Sara Trace,Lake Hollyborough,Idaho,94308,-6.227613,-58.763547
Maria Mckenzie,78,60441 Sara Harbor,Lake Michael,Washington,72100,60.114538,63.1876505
Laura Lopez,54,53844 Brooks Centers Suite 259,New Shellyfurt,New Mexico,95657,154.597169,34.686773
Megan Holt,74,178 Bell Glens,Port Matthew,New Hampshire,67620,104.441588,16.6547425
Sandra Avery MD,57,8757 Mark Pine Suite 540,Lake Suzannemouth,New Hampshire,93216,-109.55639,43.210488
Casey Phillips,77,90994 Hernandez Brooks Suite 478,Lake Adam,Colorado,3599,-78.825927,-49.13674
