Big Bird,1,Sesame Street,Fakeville,12345
Brittany Mendoza,2,96104 Nicole Gardens Apt. 509,Nicolechester,94265
Brenda Bowen,3,2662 Sherry Plaza,Catherineton,39967
Keith Yang,4,59118 Flores Fork Suite 632,Bridgetburgh,60849
Timothy Mccormick,5,095 Mcfarland Fort,Tuckerside,32512
Edward Thompson,6,39590 James Oval,Lake Richard,91575
Kyle Meyer,7,402 Michael Crescent Apt. 325,New Jordanfurt,41462
Anthony Mueller,8,424 Melissa Highway,West Jaimetown,90765
Brenda Green,9,799 Brian Harbors,Michaelburgh,71629
Alejandro Carroll,10,6758 Pamela Roads Suite 762,Martinland,66813
Matthew Davis,11,187 Julia Meadows Suite 968,Lisaborough,16721
Cory Bennett,12,69864 Matthew Gateway Suite 208,Lynnborough,05451
Douglas Knight,13,157 Stanton Corner,Stevensborough,45186
Brian Lee,14,04070 Zuniga Avenue,Wilsonfort,26053
Mary Lambert,15,7877 Janet Green Suite 239,Meredithton,83333
John Moreno,16,2407 Cheryl Lakes Suite 675,Kennethshire,72423
Michael Johnson,17,220 Ford Flat Suite 541,Jamesmouth,83850
Jane Morris,18,3521 King Mall Apt. 905,West William,91008
Patrick Wood,19,285 Justin Grove Suite 790,Millerhaven,83047
Brittany Fox,20,65882 Garza Fields Apt. 637,Perezview,05881
Brandon Campbell,21,222 Soto Freeway,West Laura,84125
Terrence Carter,22,79501 Robert Radial Suite 789,South Amy,35082
Jessica Baldwin,23,64344 Brett Shoal,North Katherineborough,18702
Christina Lawrence,24,44444 Renee Key,Shawnberg,72453
Jack Walls,25,29932 Jackson Mountain Suite 470,Williambury,38374
John Beard,26,42077 April Summit Apt. 880,West Jill,96910
John Jones,27,137 Parker Camp Apt. 028,West Mark,14165
Eric Bryant,28,03262 Stephanie Junctions Apt. 336,West Cheryl,73128
Patrick Chapman,29,2220 Alicia Unions,West Richardborough,99698
Elizabeth Valdez,30,05736 Thomas Gateway Suite 796,West Ericview,49431
Tammy Farmer,31,012 Underwood Walks Suite 556,Downston,42262
Robin Townsend,32,46962 Craig Junctions,Brownmouth,01500
Stephen Brooks,33,7140 Payne Vista,Youngchester,62244
Cheryl Soto,34,1411 Gloria Shores Apt. 932,Ramirezmouth,16387
Julie Wilson,35,2127 Garza Cove,Drewville,76021
Karen Cannon,36,336 Payne Circles,Reedport,37515
Sheila Phillips,37,1493 Pamela Ports Apt. 156,Brownfurt,79732
Kaylee Escobar,38,2818 Anthony Extensions,Lake Bradley,77900
Christopher Reynolds,39,189 Hernandez Extensions Apt. 888,Port Stacy,63073
William Lee,40,3251 Joshua Lock Apt. 333,North John,64833
Austin Williams,41,748 Scott Hollow Apt. 640,Dawnfurt,14672
Joan Luna,42,4376 Brooks Stream Suite 127,Lake Gabriel,59684
Cassandra Velez,43,98799 Jose Path Suite 030,West Christophermouth,01369
Christopher Stevens,44,17853 Shawn Ports Suite 690,Leeville,37612
Jessica Gaines,45,310 Davis Crest,Shannonside,40735
Edwin Walker,46,0503 William Drives Suite 759,Paynestad,02790
Catherine Martinez,47,82319 Ball Island Apt. 894,Kennethton,01488
Michelle Weaver,48,946 Jose Glen Suite 248,Owensstad,84435
Donald Pham,49,4419 Hernandez Common Suite 865,North Mikechester,93610
Russell Mathews,50,496 Jacob Springs Apt. 680,Jameston,65385
Dylan Hernandez,51,26712 Stone Lane,Michaeltown,73610
Deborah Fletcher,52,3225 Pittman Station Suite 948,South Isaiah,31199
Scott Friedman,53,24429 Bush Key,Tiffanymouth,28029
Matthew Chan,54,25155 Connor Ranch,North Sabrinashire,53665
Jessica Jones,55,90390 Yates Gardens Apt. 548,Montgomeryside,28271
Anna Noble,56,3000 Amanda Manor,Whiteville,11020
Sarah Williams,57,35345 Davis Courts,Mckinneyburgh,46971
Anthony Edwards,58,92857 Erica Mountains Suite 668,West Matthewport,72229
Eric Mejia,59,439 Claire Inlet Apt. 066,Fraziermouth,20079
Willie Cook,60,7885 Johnson Forges Suite 042,Anthonybury,68849
Justin Moran,61,79315 Alice Motorway,Michelletown,64270
Chelsea Mcconnell,62,3758 William Trafficway,Lake Willie,48670
Christopher Greene,63,686 Benjamin Turnpike,Smithborough,14451
Christopher White,64,72307 Stephen Burg Apt. 658,Port Johnfort,72521
Janet Mills,65,06181 Rice Mills,Zacharyport,87526
Cynthia Henderson,66,72390 Gilmore Forge,New Ashley,39566
Sheila Singh MD,67,338 Dodson Corner,New Richard,38961
Laura Alvarado,68,943 Lisa Estate Apt. 414,South Jennifershire,58421
Victoria Johnson,69,325 Gilbert Coves,Port Andrew,68266
William Anthony,70,47129 Angela Tunnel Suite 322,South Erin,10316
Cynthia Martin,71,811 Adam Pine Apt. 146,Lake Dianashire,83895
Lindsay Lawrence,72,7016 Juan Crescent,Kevinmouth,23316
Frank Haley,73,7821 Jerry Club Apt. 575,Ewingmouth,51417
Charles Taylor,74,37680 Hopkins Wells,Lake Brianmouth,69281
Carolyn Fernandez,75,26831 Nichole Expressway Apt. 407,Jonathanshire,54432
Steven Villarreal,76,07121 Ryan Village,North Williamburgh,97543
Gregory Blair,77,713 Jason Alley,Lawsonhaven,59114
Cathy Butler,78,500 Murphy Loaf,Adamland,65648
Rodney Harris,79,725 Thompson Shoal Apt. 248,Stevenfort,46704
Levi Chavez,80,390 Laurie Bridge,Lake Christianview,77726
Elizabeth Jones,81,667 Martha Mall Apt. 369,Lake Debbie,31266
Brianna Smith,82,8852 Matthew Island,South Tylerview,47231
Melanie Moore,83,816 Cheyenne Ramp Apt. 560,Rachelland,92138
Allen Abbott,84,76866 Warner Brooks Apt. 610,East Amanda,16067
Andrew Burke,85,823 Ramos Divide Apt. 373,West Aliciafort,52016
Jamie Garcia,86,79235 Erica Meadows,South Brittanyburgh,41134
Kyle Guerrero,87,366 Gerald Track Apt. 528,Davidfort,21196
Ronnie Davis,88,4279 Deanna Shoals Apt. 146,North Heathermouth,37625
Monica Taylor,89,1426 Christina Fords Apt. 336,Mikaylaton,78828
Karla Robinson,90,374 Christopher Streets Suite 291,Tonitown,10803
Bianca Banks,91,990 Brown Ports,New Miguelside,40817
Samuel Cox,92,9390 Humphrey Alley Apt. 236,New Lucasview,74614
Paul Wood,93,29069 Stone Spurs,South Maryborough,61944
Michael Roy,94,06393 Powell Corners Suite 028,New Johnbury,96456
Tracey Gallagher,95,22303 Williams Drive,Lewismouth,48595
George Conway,96,3659 Lisa Green,Jenniferbury,57254
Dale Curtis,97,24094 Smith Lights,Lisaland,83507
Veronica Mcmahon,98,0573 Patel Underpass Apt. 213,North Ronnieport,90194
Richard Duran,99,369 Melanie Ridges Suite 610,East Sara,62582
Donna Davis,100,95545 April Union,South Martha,59265
Tammy Cooper,101,7612 Howard Mountains,Brianside,42376
Kyle Mcclain,102,172 Austin Trafficway,Freytown,64195
Alison Wilkins,103,49307 Patrick Bypass Apt. 602,Heatherbury,52158
Randall Price,104,10746 Charles Roads,Sergiohaven,61580
Derek Buchanan,105,855 Edward Hollow,Rachelchester,18836
Tara Miller,106,09651 Compton Branch,Mataland,30105
Ronald Warren,107,7255 Wilkinson Mall,Stephanieberg,29437
Lori Nguyen,108,91313 Evans Vista,Williamshaven,16357
Lisa Johnson,109,0193 Lori Heights Apt. 517,East Jenniferfurt,10248
Andrew Ellis,110,3232 Jared Extension,Porterbury,36018
Jeffrey Duncan,111,9713 Amanda Knoll,Juliestad,84891
Anthony Haynes,112,03164 Griffin Meadows,West Diane,61979
Meghan Bond,113,007 Katherine Drives Apt. 172,Boydhaven,92490
Peter Casey,114,1970 Edward Vista,Mooreside,96206
Natalie Martin,115,112 Susan Canyon Suite 851,Meganshire,34063
Thomas Arnold,116,39182 Frank Extensions Suite 030,Wesleystad,25264
John Deleon,117,5965 Darren Dam,East Timothyton,63316
Regina Nielsen,118,62478 Thomas Well Suite 103,South Reneeton,60776
David Anderson,119,4916 Gina Circle,North Susan,49491
Ronald Mills,120,32485 Walker Park,Lake Codyfurt,43596
Mark Kirk,121,534 Warner Ville,Traceyfurt,63016
Tyler Hernandez,122,66683 Snow Glen Suite 622,Steventon,51575
Jacob Burns,123,422 Taylor Hills Suite 202,South Eddie,40037
Charles Greer,124,181 Mcconnell Roads,North Shelly,62614
Renee Wilson,125,084 Keller Light,Smithport,68754
Jermaine Carlson,126,1924 Chris Passage Apt. 817,Brooksmouth,61767
Laurie Russo,127,620 Villanueva Valleys,Brandonhaven,33525
Marcus Delacruz,128,46193 Anthony Junctions,Basshaven,88229
Michael Gaines,129,74239 Joshua Court Apt. 337,New Lisa,17581
George Thompson,130,18054 Crawford Fords,Macdonaldshire,67905
Edward Cummings,131,30105 Rodriguez Fort,Williamview,59084
Thomas Wood,132,92141 Ellis Branch,Lake Anna,50015
Lauren Oconnell,133,1442 Charles Pines,West Angela,97456
Cody Rivera,134,98664 Meredith Brook,Rhondaton,15899
Rachael Johnson,135,11244 Williams Spur Suite 479,West Terranceton,28156
Gregory Sanders,136,6153 Johnson Glen,East Jacobmouth,87274
Allison Brown,137,38150 Brittany Island,Rossshire,72931
Ryan Diaz,138,36778 Paul Loaf,Williamshire,03689
Grant Ellis,139,8581 Baldwin Union,Port Toddfurt,87352
Donna Hernandez,140,09785 Lawrence Rest,Ryanberg,68203
Austin Hines,141,748 Fernando Isle Suite 102,West Wyatt,17123
Stacey Smith,142,06445 Elizabeth Pines,Johnstonport,95565
Benjamin Johnson,143,0871 John Underpass,Vincenttown,84989
Michael Roach,144,8213 Paul Springs,Johnland,08578
Michelle Hall,145,2004 Luis Fort Suite 836,New Michellefurt,36556
Matthew Hudson,146,096 Kathryn Unions Suite 427,Jacksonberg,67056
Cameron Jones,147,149 Day Lodge,Lake Gregory,68300
Kristy Jimenez,148,23577 Moore Ferry,Michelleburgh,06552
Michael Larson,149,003 David Island Suite 317,South Christinaland,36927
Anthony Madden,150,5189 Laura Rapids Suite 976,Bakerchester,69719
Kristen Willis,151,704 Daniel Pass,New Kim,58570
Kathryn Rodriguez,152,5550 Kimberly Inlet,Ricemouth,04874
Charles Giles,153,039 Ryan Neck,Richardsonmouth,14827
Sarah Neal,154,25972 Ronald Course,Jorgefurt,48511
Audrey Cordova,155,09189 Monica Manors Apt. 769,Micheleburgh,64817
Donna Drake,156,61085 Melanie Streets Suite 700,North Erica,83188
Mario Miller,157,0357 Jennifer Row,Youngmouth,35426
Michael Butler,158,07175 Calvin Manor,Samanthamouth,39420
James Velazquez,159,8706 Daniels Lodge Apt. 480,Port Derekhaven,35684
Kara Ritter,160,9628 Clark Lane Apt. 369,East Jamestown,94657
Ryan Williams,161,9436 Vazquez Land,Josephmouth,13285
Roy Olsen,162,0385 Miller Walk,North Marie,79650
Mrs. Daisy Parks,163,47121 David Ramp,Port Thomas,89377
William Sawyer,164,99715 Roberts Crossing Suite 360,South Rhondaland,48329
April Rogers,165,47953 Franklin Skyway,West Trevor,06568
Kristen Richards,166,2389 Davis Islands,Josephland,14118
April Thomas,167,934 Christine Points Suite 895,South Justin,96893
Christine Frank,168,5318 James Pike,East Larry,81049
John Hawkins,169,670 Fuller Islands Apt. 813,Vazquezland,46148
Jason Patton,170,1743 Christina Run Apt. 315,Michaelland,07397
Sharon Lloyd,171,719 Marshall Vista Apt. 931,Lake Carlaland,47174
Nicholas Armstrong,172,62272 Breanna Heights Apt. 202,Ortizbury,35184
Wendy Mccormick,173,8654 Matthews Wells Apt. 894,Gutierrezfort,54570
Joshua White,174,38160 Alvarez Springs,East Kellymouth,46649
Dr. Sharon Johnson,175,791 Shane Groves,Port Kevin,71011
Alexandra Richards,176,60288 Wang Manor,Port Robert,32594
Mr. Brian Sharp,177,89558 Adriana Square Suite 537,Nathanport,79587
Glenn Rowland,178,07312 Carter Flats Suite 581,West Scottbury,92234
Jerome Wilson,179,1620 Darius Parkway,Robertchester,71396
Patrick Holmes,180,664 Perry Trafficway Suite 355,Duffystad,17294
George Pittman,181,30394 Soto Causeway Apt. 320,New Jessica,14546
Nicole Martinez,182,6910 Vargas Stream,New Christinemouth,96217
Melinda Conway,183,31782 Ochoa Mission,Alyssaville,16485
Steven Dixon,184,400 Salinas Run,Racheltown,61592
Sharon Adams,185,06720 Morris Vista,Port Philip,37064
Brittany Lyons,186,33920 Megan Street,Christophermouth,17126
Rebecca Valencia,187,267 Robinson Vista Apt. 360,South Nathanborough,33880
Pamela Harris,188,785 Robin Circle Suite 403,New Kristinshire,18724
Nathan Davidson,189,4527 Sandoval Brook Suite 118,Heatherland,53326
Ronald Oliver,190,095 Parker Cliffs Suite 489,Port Laura,07706
Carrie Robbins,191,535 Davis Course Suite 414,Nunezfurt,02200
Ashley Clark,192,7999 Ferguson Plaza Suite 585,West Katherinestad,16299
Tabitha Nunez,193,98323 Brooks Cliff,Rebekahfurt,05206
Debbie Thompson,194,2198 Munoz Pines,South Tonyaberg,45098
Mark Elliott,195,063 Melissa Pass,Garrisontown,11081
Nathaniel Ferguson,196,5119 Darren Prairie,Jordanton,81608
Miss Cassandra Scott,197,645 Love Forge Apt. 029,Katherinechester,96662
Andrew Adams,198,171 Tammy Spurs Apt. 344,Lopezmouth,68779
Nichole Taylor,199,922 Jennifer Crossroad Apt. 954,Austinfort,92965
Haley Marshall,200,6419 Lisa Points,Sandovalmouth,96676
Ryan Scott,201,122 Oconnor Highway,Lake Williamview,28420
Laura Riley,202,3842 Andrea Gardens,Port Craig,62546
Theresa Jennings,203,767 Heidi Roads Apt. 875,Nicholsfort,39468
Mark Simpson,204,091 Martinez Circles Apt. 704,Davidstad,81182
Cheyenne Howe,205,923 Becker Island,Davisside,80205
Sheila Fisher,206,8057 David Village,Andrewborough,92774
Mike Anderson,207,94933 Tina Station Suite 919,Ninamouth,63748
Roberto Lawson,208,5808 Andrew Square Apt. 516,Foxstad,28573
Gregory Lee,209,55047 Bell Isle Apt. 592,West Aaron,22699
Ashley Johnson,210,76008 Turner Garden,Dennisberg,77315
Shane George,211,5720 Cynthia Stravenue,Snyderchester,88214
Shawna Compton,212,45016 Meyer Branch Apt. 927,Morenomouth,44431
Antonio Blake,213,68673 Duran Field,North Tammy,21531
Joseph Torres,214,8279 Ramirez Walk Suite 934,Mooreshire,92932
Christopher Parker,215,759 Heather Centers,East Ryan,66477
Terry Watts,216,14572 Collins Park Suite 684,Sydneyton,16154
Mary Clayton,217,1555 Juan Port,Erinton,70183
Rodney Reyes,218,734 Herman Divide,Ortizbury,91017
David Johnson,219,3989 Anna Lodge Suite 113,West Allen,77173
Emily Carrillo,220,529 Christopher Field Suite 984,Port Mariashire,93397
Laura Turner,221,93163 Caldwell Junctions,Lake Zacharyburgh,27612
Heather Horn,222,6640 West Plaza,Port Erin,23866
Teresa Evans,223,09782 Finley Port Apt. 031,Lopezfurt,64883
Shelby Smith,224,202 Wright Valley Apt. 221,Fryport,75940
William Aguilar,225,248 Andrea Extension,Lisaville,16710
Tami Miller,226,0026 Darryl Rue Suite 323,South Tarabury,64078
Brandon Bright,227,724 Barton Mews,West Michael,99164
Jason Wallace,228,74989 Gina Terrace,Paulburgh,99011
Caitlin Thornton,229,662 Steve Estate,South Tanner,60680
Steven Ramirez,230,454 Maria Squares,East Meganside,33053
Rhonda Brown,231,512 Jefferson Haven,South Julie,64100
Melissa Williams,232,28480 Alexandra Common Apt. 585,North Nancyview,71941
Monica Walls,233,549 Price Hill,West Tammyshire,05858
Dana Williams,234,270 Morris Neck Suite 342,Tristanfort,81032
Michael Lewis,235,4959 Shelley Stravenue Suite 991,Ruizhaven,77980
Barbara Stewart,236,782 Joseph Motorway Apt. 485,Dunnberg,71900
Albert Garcia,237,2317 Johnston Coves Suite 426,Colemanton,11368
Kristin Henderson,238,2389 Warren Port,South Donnachester,35974
Michelle Johnson,239,364 Angela Walk Apt. 497,New Jordan,29418
Frederick Lambert,240,5661 Morris Wall,East Kevin,05310
Shelley Pitts,241,1791 Steven Prairie,South John,28781
Kimberly Perry,242,3751 Daniel Via Suite 104,Kevinmouth,10643
Douglas Dickerson,243,954 Black Square,South Rogerport,67116
Elizabeth Padilla,244,56126 Anderson Prairie Suite 595,Amberville,56647
Patricia Howard,245,5019 Dale Garden Suite 339,North Mary,56930
Lindsay Strickland,246,474 Margaret Views Suite 301,West Matthewstad,42164
Rebecca Gonzalez,247,9986 Ashley Wall,Rickystad,94958
Jason Kelly,248,651 Robert Key Apt. 451,East Nicole,50206
Kelly Miller,249,75988 Harding Extension Apt. 207,Lake Hannah,35016
Tim Dean,250,78448 Anne Oval Suite 039,Peterfurt,56801
Glenda Smith,251,2456 Williamson Mill,South Mark,48251
James Shelton,252,158 Jason Cove Apt. 572,Larsonstad,41351
Thomas Burton,253,37812 Michael Branch,Nicholasview,97859
Michael Mcfarland,254,127 Taylor Parks,West Michael,95064
Emily Salazar,255,2126 Diane Pass,Johnsonland,03228
Anthony Jackson,256,357 Dylan Parkways Apt. 893,North Richard,46626
Lorraine Brown,257,99586 Stephenson Stream Apt. 547,South Tannerton,82343
Barbara Gonzales,258,4850 Robert Station Apt. 127,Matthewfurt,88949
Andrew Garza,259,8581 Fernandez Rapids Suite 029,West Brandon,79558
John Garcia,260,8958 Compton Burgs Suite 755,East Amandabury,00588
Earl Walker,261,41898 Scott Flat,South Robertberg,84214
Michael Ruiz,262,54514 Daniel Fall Suite 126,South Emilyhaven,80200
Thomas Tyler,263,586 Darren Squares,Mckinneystad,14311
Jose Wolf,264,449 Robinson Common Suite 998,North Sarashire,69718
Shannon Thompson,265,181 Welch Gardens Suite 812,Jonathanstad,80047
Isaac Conley,266,81733 Jacqueline Points Apt. 724,East Paul,19703
Kevin Curtis,267,2553 Perez Shoal Apt. 494,North Michael,43848
Matthew Russo,268,86738 James Locks,Adamschester,12911
Rebecca Washington,269,9535 Cynthia Harbor,Lisachester,38009
Michael Hicks,270,379 Ramirez Mills Apt. 127,Swansonfort,12547
Erica Haley,271,058 Valerie Crossroad,Sheliahaven,11832
Brandi Palmer,272,1782 Meyer Grove,Millermouth,81666
Robert Pena,273,1560 Vargas Gardens,Dannystad,65567
Claire Hernandez,274,25356 Myers Spring Suite 201,Hollystad,90046
Jennifer Schmidt,275,2664 Sullivan Fork,Raymouth,74174
Kaylee Ruiz,276,408 Daniels Inlet,South Angela,04028
Madison Rogers,277,76567 Dixon Lake,East Kimberly,19284
Samuel Kennedy,278,806 Bailey Points Suite 210,Lisaport,56224
Benjamin Sanders,279,49433 Bishop Plains Suite 214,South Stanley,15587
Kendra Carpenter,280,634 Clark Garden Apt. 413,West Lisachester,42701
Courtney Stewart,281,604 Gray Fords,Martinezburgh,79706
Christina Williams,282,2410 Robert Keys,Port Jennifertown,74411
Kelly Taylor,283,1190 Matthew Flats Apt. 110,Katiefurt,54882
Jennifer Smith,284,867 Cynthia Cliffs,Theodoreland,50830
Russell Cooper,285,724 Hill Skyway Suite 585,Robertbury,84412
Wanda Miller,286,67197 Paula Cape Suite 511,Lake Kevinville,53104
Richard Lopez,287,7975 Christopher Extension,Katherinebury,96187
Tommy Patterson,288,364 Ashley Tunnel Suite 867,Seanport,12148
John Calderon,289,277 Murphy Court Apt. 535,North Christopherport,71105
George Moore,290,39874 Rogers Springs,North Davidland,05358
Victoria Burton,291,831 Glenn Spur Apt. 179,Kimberlymouth,21433
Corey Thompson,292,06059 Dawn Avenue Apt. 383,Hernandezhaven,10151
Joshua Jones,293,500 Duran Fork,Reidmouth,12483
Elizabeth Medina,294,10983 Holloway Center Apt. 958,Port Loriborough,86388
Hayley Barrett,295,3187 Olson Forges Apt. 464,Shannonbury,04712
Brenda Gibbs,296,87071 Nelson Villages,South Krystal,84123
Brittney Hale,297,50579 Michelle Falls Suite 459,West Robert,41087
Jeremy Lucero,298,80827 Bass Plaza,Jonathanview,59900
Anthony Brown,299,59249 Welch Estate,Barbarastad,03843
Jose Clark,300,7912 James Lodge Suite 667,Teresaside,18745
James Bruce,301,25928 Logan Flat Apt. 956,Lake Mark,26039
Christina Williams,302,02064 Dana Course Apt. 188,Williamfurt,00812
Christopher Davis,303,98800 Cory Tunnel,Hectorville,16543
Lorraine Conley,304,6524 Goodwin Trace Suite 794,Williamstad,73314
Janice Martin,305,930 Sheila Hill Suite 599,Williamston,06499
Paul Evans,306,379 Juan Spring,Shaunton,68221
Scott Garrett,307,0765 Michael Estate,West Darryl,55081
Steven Lewis,308,042 Marcus Well Suite 163,Hillburgh,63971
Mark Bullock,309,4008 Mitchell Unions Suite 723,Johnsonfort,69182
Leah Brown,310,77749 Wright Circle,Briannaville,96610
Rita Martinez,311,284 Jackson Glen Suite 472,Saraton,46272
Tina Hayes,312,39838 Tommy Shoal,Ericmouth,64587
Brenda Jackson,313,454 Breanna Springs Suite 538,Lake Robert,92544
Travis Miller,314,845 Johnson Shoals Suite 212,South Carolyn,89465
Megan Cox,315,470 Jacqueline Divide Suite 035,Edwardborough,36401
Lori Pearson,316,56657 Steve Heights Apt. 916,Cynthiaport,89150
Ryan Holland,317,71007 Shawn Oval,Toddchester,50844
Marcia Griffin,318,5217 Adam Terrace Apt. 397,Carterburgh,21273
Robert Mitchell,319,8265 Roberts Mission,Garciafurt,43376
Emily Hayes,320,88641 Eric Isle,New Jeffreychester,76142
Christian Wolf,321,00312 Strickland Forest,Houseview,81521
Jordan Thomas,322,7023 Laura Turnpike,Raymondfort,72048
Vincent Evans,323,5983 Erica Extensions,Donnafort,06629
Timothy Bryant,324,99783 Edgar Oval,East Brandon,02680
Christopher Young,325,085 Nelson Key,North Ryanville,75316
Jackie Harris,326,66671 Holmes Junctions,East Aaronport,22380
James Garcia,327,4817 Alexandria Isle Suite 808,Aprilland,44934
Alyssa Ramos,328,85475 Angela Estates,West Joshuaport,22679
Richard Hamilton,329,56470 Sharon Square Suite 875,New Gregoryshire,91774
James Carrillo,330,3198 Danielle Hills Suite 715,Allisonton,16623
Allison Curtis,331,2499 Jeffrey Union Suite 287,Joshuaberg,94012
Tracy Daniel,332,0839 Hernandez River,Lake Christopher,08265
Jennifer Lawson,333,417 Stone Forks,Lake Michael,92252
Joshua Barrett,334,7128 Bailey Estates Apt. 219,Herreraside,67474
Christopher Riley,335,6849 Jackson Heights Suite 465,Sanchezside,88107
Thomas Reeves,336,45121 Stacy Corner Suite 135,Lake Samantha,96673
Scott Miller,337,652 Poole Throughway,Victorborough,16337
Allen Gray,338,093 Cuevas Station Apt. 164,Thomasland,07079
Kenneth Jones,339,157 Lawrence Divide Suite 692,Rileymouth,75380
Joseph Turner Jr.,340,73609 Christopher Walk Apt. 078,Port Claire,07586
Stephanie Lopez,341,4427 Amy Point Apt. 170,New Kathrynborough,91989
Alex Caldwell,342,816 Terri Village Apt. 909,Jonesstad,14068
Gabriel Richardson,343,244 Patricia Route Suite 616,East Shannon,14377
Penny White,344,9189 Cruz Island,Ortizshire,08792
Holly Farmer,345,492 Daniel Points,Sarahbury,83985
Christopher Walker,346,387 Melanie Trail Apt. 646,New John,89929
Kristina Morris,347,5001 Cortez Courts Suite 019,Bradymouth,01562
Reginald Simpson,348,0822 Melissa Route Suite 759,Lake Amandatown,21767
Alicia Anthony,349,67599 Jackson Dam,Smithville,33366
Amy Grant,350,30152 Daniel Mountain Suite 857,Karimouth,66574
Carol Ball,351,12707 Carey Estate Apt. 953,Bensonchester,65031
Ronald Ball,352,06656 Donna Roads,Cordovaville,75157
Maria Campbell,353,384 Laura Cliff Suite 956,Port Alishaside,27958
Suzanne Garcia,354,0190 Cook Mount Suite 398,Samanthaburgh,32355
Michael Bradley,355,487 Larson Turnpike,South Annburgh,65705
Daniel Alvarado,356,02657 Powell Unions Apt. 242,Bettyfort,58598
Connie Estrada,357,3084 Paul Causeway Suite 826,Perkinschester,88503
Mrs. Carolyn Sweeney MD,358,293 Mendoza Islands Apt. 973,Lake Mark,86880
Laura Clark,359,861 Rojas Union,Martinfort,15916
Patricia Wilson,360,9264 Michael Knoll,Martinberg,93946
Anna Graves,361,04888 Joshua Mission,Leslieport,50029
Joseph Wright,362,03695 David Manor Apt. 441,Lake Courtneymouth,05380
Franklin Wright,363,95768 Christopher Roads,Murrayhaven,50468
David Walters,364,7932 Andrew Village Suite 774,Dianaview,72687
Katie Stafford,365,72962 Rachel Points,Williamsmouth,02195
Edward Shea,366,028 Nicole Glen Suite 643,South Joseph,22561
Jacqueline Wu,367,2927 Garrett Square Apt. 702,Michelleburgh,37795
Sean Booth,368,64480 Ana Groves,Kingshire,63850
Yvonne Martinez,369,38687 Melissa Isle Apt. 595,Christianmouth,08166
James Lara,370,1995 Adams Corner Apt. 101,Farrellshire,75394
Sara Collier,371,0124 Thompson Summit Apt. 468,North Veronica,65146
David Wilson,372,744 Ruiz Turnpike,Jerrychester,45807
Taylor Alexander,373,362 Eileen Pass,Johnsonburgh,93583
Mark Jones,374,219 Kim Turnpike,Kelliton,44529
Matthew Williams,375,006 Stokes Port Apt. 430,West Chadborough,88993
Sandra Lee,376,68556 Mary Turnpike Suite 351,North Tammy,08680
Cynthia Zavala,377,4062 Alexander Circles,Lake Robert,18050
Teresa Brown,378,00364 Erica Harbors,East Megan,29728
Jessica Williams,379,5505 Morales Corner,New Marcusmouth,46793
Tamara Parker,380,412 Kent Lodge Suite 483,Meganville,56000
Sean Whitehead,381,7636 Brown Squares,East Carolynborough,43669
Amanda Wheeler,382,0765 Collins Isle Suite 509,Robertside,21740
Linda Hickman,383,9066 Saunders Knolls Suite 658,Port Travisstad,53650
David Stewart,384,877 Jones Center,Jamesland,77849
Brent Christensen,385,98291 Herman Orchard,North Donald,17561
Aaron Sanchez,386,06823 Brady Canyon,Gonzalezview,86365
Brian Brown,387,5396 Dwayne Oval,East Benjaminshire,91564
Christy Avila,388,0824 Garcia Views,Port Jenniferton,84568
Jason Mason,389,7993 Franco Ferry,New Sandraton,94796
Kristy Clark,390,9221 Anderson Valleys Suite 341,Lake Jesse,87101
Savannah Bernard,391,1405 Parrish Station Apt. 532,New Ashleyside,06533
Cynthia Jennings,392,41060 Crystal Valleys Suite 757,West Ashleyton,02606
Ray Dixon,393,560 Stephens Way,East Ashleyburgh,56577
Eric Garcia PhD,394,49650 Nicole Inlet Apt. 852,East Kimberlyport,49656
Margaret Obrien,395,84285 Powell Springs Apt. 415,Sharonview,60200
Angel Dixon,396,32742 Marsh Grove Apt. 562,New Peterhaven,84646
Benjamin Green,397,2947 Ramos Stream,Thomaschester,12889
Christina Crosby,398,34748 Richardson Pine,Leemouth,48370
Kathleen Thompson,399,0871 James Mount,Port Kristineshire,13970
Drew Snyder,400,383 Williams Stream Suite 407,Matthewsland,12066
Richard Wiley,401,2592 Patterson Mountain Suite 635,South Raymond,16055
Timothy Richardson,402,450 Kenneth Meadow Suite 499,Brownbury,11776
Russell Brown,403,32724 David Vista,Thomasshire,15251
Bethany Barnes,404,0814 Moore Throughway,Bakershire,54251
Melissa Williams MD,405,55101 Allen Unions,Samanthashire,67108
Rebecca French,406,98563 Daniel Curve Suite 414,Morafort,31865
Ronald Flores,407,75986 Paul Valleys,New Anthonymouth,57450
Robin Flores,408,3169 Ann Knoll,Michaelview,03532
Samantha Mann,409,76230 Farmer Common,Victoriaton,50671
Stacey Moss,410,045 Elizabeth Summit,Manuelstad,44743
Kimberly Stevenson,411,103 Proctor Village Suite 406,New Rebeccamouth,24301
Alex Scott,412,0604 Susan Highway Apt. 712,Alejandromouth,33848
Timothy Anderson,413,2369 Anthony Motorway Suite 064,Priscillaberg,65990
Catherine Meadows,414,717 Miguel Summit,North Kennethmouth,20328
Russell Peterson,415,5399 Alvin Meadow,West Michael,04910
Sandra Turner,416,035 Anderson Trail,South Grantchester,08543
Kevin Johnson,417,62836 Dawn Hill Apt. 252,Lake Tracyborough,34628
Kristin Martinez,418,443 Mcmahon Springs Apt. 012,North Andreaside,95596
Stephen Murphy,419,096 Stephen Radial,East Markview,43663
Marie Cooper,420,9816 Nancy Land,Port Leahmouth,42491
Andrew Arnold,421,0304 Stacey Expressway,Lake Daniel,19356
Derrick Booth,422,62625 Ronald Club,Smithstad,21038
Anthony Burke,423,7954 Raymond Mews,North Willieberg,76585
Crystal Rogers,424,3758 Erin Forest Apt. 921,Joditon,32160
Mario Acevedo,425,50096 Jennifer Plaza,New Julieberg,99470
Tara Lopez,426,7500 Thomas Groves,Stokesfurt,92840
Monica Bernard,427,669 Mark Course Suite 896,Swansonburgh,46171
Gary Robbins,428,841 Cabrera Lake Suite 480,Jaredland,17208
Jennifer Phillips,429,264 Santiago Knolls,Ibarraview,32817
Mary Huerta,430,065 Garcia Port Apt. 139,Lake Savannahchester,15339
Lori Hudson,431,364 Berg Cove Suite 098,North Stevenstad,53813
Matthew Hernandez,432,792 Hamilton Burg Suite 994,North Johnathanshire,03838
John Hines,433,987 Allen Plaza,North Daniel,98268
Robert Guerrero,434,851 Hart Parkways,North Christinechester,05988
Austin Jensen,435,258 Young Mountains Suite 448,East Benjamin,68412
Wendy Hahn,436,404 Christopher Walk,Port Lisaport,34257
Yvonne Manning,437,4524 Lisa Summit,Jeremyside,55878
Brad Jones,438,2167 Gallegos Mall,Scottburgh,60125
Tyler Blankenship,439,37095 Joseph Island,South Donaldton,35453
Stephen Jackson,440,95279 Rebecca Inlet,South Kathy,62840
Marcus Lewis,441,21279 Henry Canyon Apt. 162,Kevintown,53021
Megan Rogers,442,818 Jared Heights Suite 925,Bowmanstad,20344
Anita Costa,443,381 Erica Trail,Dominguezhaven,82978
Hannah Young,444,003 Walters Radial,Bowenton,35743
Michael Robinson,445,33570 Mark Plaza,South Maryville,07628
Elaine Lynch,446,73828 Woodard Oval,New Melinda,34910
Brenda Patel,447,4915 Jackson Glens Suite 199,Acostabury,29875
Tiffany Phillips,448,3208 Michael Manors Suite 049,Nicolefurt,29627
Patricia Garcia,449,1622 Perez Prairie Suite 524,New Christopher,69510
Steven Turner,450,884 Mario Camp Suite 105,East Kelly,88514
Christopher Morales,451,0211 Curry Glen,Greenefurt,06850
Tammy Mata,452,41059 Eric Brook Suite 230,Timothyhaven,23311
Douglas Stanley,453,9718 Colleen Station,West Jason,70710
Julie Johnson,454,2604 Guzman Well,Carrillostad,56709
Andrea Robinson,455,7669 Gomez Isle,New Tonya,42848
Cory Davis,456,561 Castillo Shores,South William,88267
Heidi Torres,457,1186 Kyle Avenue Apt. 558,Andersontown,83508
Angela Barron,458,05234 Melissa Orchard,Alexandrastad,41821
Casey Hughes,459,5982 Mcdonald Path,Jasonside,26624
Nicole Melendez,460,86454 Thompson Grove,West Zachary,18077
Tamara Harper,461,20445 Holmes Glens Suite 950,North Joseph,06014
William Carpenter,462,6091 Yu Isle,Jeffreyside,27479
Malik Fischer,463,298 Rachael Coves Apt. 232,Brandonton,96753
Amanda Chambers,464,8044 Bridges Gateway Apt. 724,Harveyside,28686
Teresa Sandoval,465,50997 Hunt Circles,New Travisland,35794
Brian Carr,466,9602 Huynh Summit Apt. 615,Riveramouth,14051
Ronald Fuentes,467,325 George Spring,Dominguezburgh,66009
Amy Garcia,468,2183 Jasmine Street Apt. 849,Angelaside,92253
Denise Werner,469,20064 Davis Way,East Chadfort,76965
Randall Wilson,470,40557 Fitzgerald Streets Suite 048,West Joshua,23105
Robert Knight,471,923 Kelley Skyway,Suzannefort,34890
Michael Torres,472,9893 Justin Village Apt. 022,Lake Samantha,76134
Wayne Adkins,473,37430 Carlos Mews Apt. 306,Lake Thomas,78745
Stephanie Reyes,474,4905 Charles Well Apt. 240,Lake Jamesland,42560
Matthew Hernandez,475,0454 Debbie Heights,Port Angela,77377
Mark Mcdonald,476,379 Jeffrey Rest Suite 869,Michaelchester,97621
Kevin Schwartz,477,10491 Carolyn Villages Suite 133,South Jennifer,12952
Daniel Ramirez,478,46606 Ashley Rapid,West Yolandatown,83695
Tiffany Anderson,479,744 Brown Ford,West Nicole,58187
Devin Mcfarland,480,41486 Juarez Mission Apt. 167,Maryport,69182
Alicia Nelson,481,758 Maxwell Rapid Apt. 986,Snowville,51239
Lauren Thomas,482,6989 Smith Corners Apt. 192,New Charles,17560
Anna Henderson,483,5876 Rebekah Curve,Armstrongberg,71020
Connie Thomas,484,29005 Mcpherson Ports Apt. 199,Lambertmouth,43071
Kayla Smith,485,74621 Fuentes Courts Apt. 735,Lake Nicoleville,12629
Renee Walker,486,168 Jeffrey Tunnel,Edwinport,31758
Theresa Washington,487,080 Richard Stravenue Suite 628,Vincenthaven,56954
Ashley Fischer,488,553 Kim Throughway,Heatherberg,82909
Eric Gould,489,097 Sullivan Extensions,Ellenland,07546
Stephanie Best,490,46262 Gillespie Isle,North Cherylfurt,50167
Charles Morales,491,080 Hall Heights,East Emilyshire,45939
Mr. Mitchell Jones,492,514 Long Gardens Apt. 670,South Melvin,40594
Paul Torres,493,882 Dawn Circle Suite 190,South Meganmouth,59331
Hailey Crawford,494,5785 Mccall Rue Suite 766,Johnsonburgh,99157
Sheila Austin,495,12778 Golden Oval Suite 154,Gregoryborough,79704
Amy Hernandez,496,020 Garcia Extensions,Williammouth,88276
Mike Garcia,497,627 Taylor Ridges,South Alan,09609
Gregory Watts,498,9972 Kirby Highway Apt. 812,Ashleystad,82179
Adam Cobb,499,127 Boyd Crest,Devinport,31905
Brian Mcneil,500,4893 Peggy Ranch Apt. 069,East Brettville,63591
Peggy Williams,501,3239 Samuel Shore,Kristinfort,43229
Zachary Hernandez,502,24004 Rivera Extensions,Lanceview,59231
Heather Duke,503,80087 Tyler Radial Suite 935,Port Tracey,39750
Emily Hodges,504,86760 Maldonado Wall,North Abigailchester,80264
Tyler Burns,505,21937 Darlene Throughway Apt. 936,Crystalborough,62419
Sara Mullins,506,3941 Kline Greens,Adrianmouth,43731
Gary Gonzalez,507,7062 Isaiah Walk Suite 093,South Tina,34997
Stephen Dawson,508,7769 Pham Vista Suite 174,Owensville,97974
Sophia Lyons,509,3450 Barker Inlet Suite 702,Jamesbury,15858
Gary Johnson,510,094 Kim Causeway Apt. 154,East Jay,86468
Misty Warren,511,957 Loretta Wells Apt. 000,Brownside,79893
Alexis Wilson,512,06324 Danielle Summit,Colefurt,07398
Andrea Knox,513,982 Erica Parkways Suite 986,Collinshaven,20749
James Jimenez,514,890 Powers Neck Suite 029,Lake Tiffany,14837
Cindy Dodson,515,542 Johnson Shores Apt. 188,Zacharyville,69742
Dr. Joshua Nguyen,516,47280 Troy Overpass Suite 027,South Robert,23246
Sean Andrade,517,0203 Debra Haven Suite 967,New Mark,11739
Jeffrey Obrien,518,50812 Clark Shoals Suite 929,West Shelia,59090
Victoria Weiss,519,20118 Ashley Well Apt. 021,North Justin,47955
Jason Johnson,520,1342 Williams Stream,South Linda,02356
Katherine Dillon,521,47627 Sandra Walk,East Ninaport,27098
Sally Martin,522,5104 Tony Prairie Suite 134,South Christopher,59839
Carol Smith,523,2759 Harris Corner,North Josephstad,89665
Angela Kaiser,524,8289 Amanda Ford Apt. 916,Rossport,33993
Alex Lee,525,420 James Meadows,Wallaceview,87676
Sara Bailey,526,717 Atkinson Parkways,North Bonnie,26375
Samantha Sexton,527,647 Riley Parks,Jeromeborough,14485
Zachary Lewis,528,7949 Audrey Port Suite 332,Donnaport,78201
Cheryl Taylor,529,265 Kevin Field,West Jessica,93826
Brandon Huynh,530,676 Ernest Trail,Micheleland,41838
Dorothy Bailey,531,0053 Fisher Ridges Apt. 092,East Julia,20128
Patrick Jones,532,939 Shannon Road,Boydport,34740
Abigail Moody,533,8330 Peterson Lodge,North Jennifer,30342
Darren Ramirez,534,300 Charles Manors Suite 577,South Johnbury,16439
Kimberly Dyer MD,535,08786 Candace Lodge,Lake Tracy,03964
Marcus Gonzalez,536,30911 Cantrell Hill Apt. 554,Teresaberg,09877
Christopher Villa,537,370 Malone Plaza,Paulhaven,22671
Danielle Le,538,6182 Parker Ridges,Claudiaburgh,50498
Mark Johnson,539,84996 Bass Trail,Jonathanstad,60054
Eric Ramirez,540,26911 Martinez Islands,Martinezton,42049
Robert Poole,541,70790 Elizabeth Ports,East Jacquelinemouth,00620
Tina Sanchez,542,233 Paul Pines Apt. 067,Jeffreyside,98217
Carol Andrade,543,2303 Johnson Union Suite 009,East Danielfurt,57105
Jamie Ochoa,544,162 Mckenzie Drive Apt. 277,Lake Jillian,61302
Crystal Brooks,545,4029 James Cove,Thompsonside,59455
Bobby Chung,546,990 Jordan Turnpike,Kempmouth,65216
Jennifer Baker,547,760 Emily Walks,Tonyabury,98169
Jordan Alexander,548,540 Stephanie Prairie,Johnbury,47526
Kevin Richards,549,4270 Jose Trafficway,New Christophershire,52374
Rebecca Hayes,550,9941 Atkinson Lane Suite 089,Reyesland,43794
Brandi Berry,551,78533 Gonzales View Apt. 297,South Samuel,16250
Chad Edwards,552,0663 Zachary Coves Suite 439,South Justinstad,17341
Samantha Nguyen,553,8024 Day Key Suite 534,Lake Rachelhaven,79976
Mckenzie Martin,554,53529 Nancy Walk,Rubenborough,12469
Sean Dennis,555,91922 Allen Island,Shannonbury,42511
Marc Rodriguez,556,891 King Drive,Gibsonville,49121
Judith Castro,557,609 Sellers Hills,Schroederstad,58155
David Reed,558,2921 Kimberly Walks Apt. 057,Youngchester,16536
Paul Newman,559,68749 Mccoy Ports,Port Frances,39954
Jason Bean,560,397 James Keys,Port Melanie,30787
Laura West,561,840 John Ways,Princemouth,01292
Shawn Reeves,562,2811 Andrea Street Suite 059,Randallville,22780
Alexandria Sherman,563,49461 Darren Circles Suite 395,Hortonton,15641
Andrew Coleman MD,564,4764 Payne Mount,Jeremytown,17824
Kristen Hoffman,565,438 Lopez Road Suite 202,East Danielberg,71863
Donna Perry,566,1858 Jamie Harbors,Francofurt,34362
Melissa Pena,567,4944 Rogers Views Suite 863,Greenfurt,54167
Tyler Miller,568,05380 Holly Light,Jasonbury,59719
Scott Smith,569,07639 Shelby Key,South Jeffrey,21771
Cheryl Jacobs,570,923 Audrey Falls Apt. 676,Leefurt,09673
Tracy George,571,376 King Run,North Stephen,40124
James Graham,572,91578 Thomas Junctions Apt. 311,New Kathryn,44002
Emily Matthews,573,259 Tracy Cliffs Apt. 542,West Jessicahaven,72028
Juan Townsend,574,208 Harris Walks Suite 915,East Paul,93923
Rachael Powell,575,385 Christopher Ports Suite 534,Oliviaport,60791
Sheryl Lyons,576,54173 Sharon Lock,Carlytown,88011
Katrina Newman,577,907 Hayes Key,Wandaside,07871
Megan Lang,578,49806 Jenkins Locks,Michellehaven,41728
Kara Watson,579,29539 Charles Neck Apt. 062,New Jacob,02526
Debra Petersen,580,073 William Rue,Smithview,42852
Allison Stephens,581,163 Hoover Trail Suite 675,West Stanley,16871
Jennifer Harris,582,33072 Andrew Roads Apt. 944,East Stephanie,06859
Tara Larson,583,30961 Alexander Circle Suite 365,Christopherton,28141
Alan Parker,584,2155 Hoffman Grove Suite 265,Gilbertberg,90974
Pamela Smith,585,9643 Melissa River,Jillmouth,76847
Todd Joseph,586,7729 Hess Tunnel Apt. 534,Arnoldhaven,48865
Mary Porter,587,17955 Kimberly Green,Mitchellborough,90296
Gary Dennis,588,493 Nicole Fall,East Michaelchester,91760
Jeffrey Patel,589,0054 Webb Harbors Suite 618,Oconnorburgh,68466
Andrea Walker,590,208 Candice Spur Apt. 107,South Carlashire,33935
Steve Bruce,591,544 Clark Pike,Cobbshire,93833
Dennis Williams,592,394 Thompson Knolls,West Kenneth,89964
Nicholas Downs,593,013 Stephanie Islands,Haleborough,09872
Charles Gross,594,3439 Wood Forges,East Michael,78603
Michael Miller,595,460 Johnny Courts,North Thomashaven,15731
Elizabeth Andrews,596,802 Adam Streets Suite 556,New Carolyn,31247
Connor Phillips,597,2751 Blevins Stravenue Apt. 976,Port Markville,49008
Donna Wilson,598,94178 Grant Drive,Brownside,68825
Kelly Cunningham,599,629 Cox Vista,Lake Bobby,87357
Kathleen Williams,600,9077 Thompson Roads,North Aaronmouth,05016
Richard Hayes,601,66275 Melissa Cliff Suite 953,Escobarburgh,59297
Ernest Roberts,602,87362 Jennifer Park Apt. 092,Kirkview,89317
David Anderson,603,0247 Graves Brook Apt. 332,Elizabethville,95318
Duane Jackson,604,09074 Cook Gardens Suite 873,Justinville,40202
Stephanie Spencer,605,607 Leslie Meadow Suite 046,Lake Markmouth,09768
Emily Johnson,606,578 Miller Freeway,Port Robertfurt,94985
Troy Rodriguez,607,84254 Brianna Estate Apt. 489,Briggsmouth,43897
Tammie Rowe,608,695 Jared Club,Heidimouth,44073
Angela Garner,609,244 Karen Ranch,East Margaretbury,04796
Jennifer Johnson,610,218 Tammy Circle Apt. 579,Bellport,45353
Sean Parks,611,2559 Patrick Summit,Lake Michaelborough,17880
Jaclyn Cunningham,612,33556 Christina Gardens Apt. 611,Markborough,03963
Joseph Jordan,613,684 Lambert Mountains,Olsonville,24509
Christine Marshall,614,920 Kim Run,East Melinda,42029
Christopher Hamilton,615,515 Walker Hollow,South Jamestown,01535
Colin Stewart,616,514 Jaclyn Stream Apt. 401,West Jeremiah,53641
Michael Walker,617,7338 Fuentes Burgs Apt. 069,Lake Anthonychester,13732
Louis Kelley,618,904 Williams Highway Suite 240,Port Tammy,91874
Christina Brown,619,336 Jones Valley Apt. 212,West Loriburgh,84111
Michelle Sherman,620,796 Bailey Path Apt. 253,Adamsville,87889
Olivia Little,621,534 Wolf Village Apt. 051,West Ashley,68272
Carrie Velasquez,622,22455 Suarez Knolls Suite 583,Johnmouth,05950
Rebecca Price,623,506 Danielle Skyway Apt. 866,North Lynn,62321
Amanda Patterson,624,89572 Davis Ford Suite 501,South Elizabeth,72846
Raymond Montgomery,625,837 Bethany Inlet,West Colleenview,26075
Carol Garcia,626,390 Brown Summit Suite 612,Leslieville,44987
Mr. Steven Tucker,627,971 Dunn Cape,Englishtown,63784
Makayla Daniels,628,17127 Stephen Road Suite 261,East Michelle,93893
Jennifer Hayden,629,246 Jimmy Brook,Port Michellebury,93884
Cynthia Wilson,630,080 Timothy Gateway,New Christophershire,08937
Mrs. Norma Massey DDS,631,30012 James Plains,Philipfurt,64603
Mary Patterson,632,1059 Adriana Loop Apt. 222,New Catherine,31247
Eric Smith,633,06569 Jennifer Ramp Suite 034,Lake Debbiehaven,18701
Heather Thomas,634,25273 Anne Glen,Taylorport,79724
Karen Smith,635,5953 Christopher Green Suite 722,West Jesseberg,36775
Jade Martin,636,9407 Penny Dale,Brandonchester,54772
Shannon Ortiz,637,41956 Pearson Key,Michaelfurt,01989
Sara Herring,638,3840 Jones Fall Apt. 029,Greenmouth,03885
Mrs. Alicia King,639,50855 William Keys Suite 138,Patriciahaven,46425
Christine Johnson,640,192 Orr Wells,South Theresaville,50527
Trevor Smith,641,95171 Deleon Wall Suite 130,Staceyton,71344
Alan Jennings,642,09171 Danielle Lodge Apt. 467,Lake Jamie,20637
Mark Johnson,643,87911 Barrera Plaza Apt. 287,West Gailland,99450
Kristie Jones,644,4420 Peter Streets Apt. 013,Jonesville,34870
William Alexander,645,06083 Brown Spring,New Cathymouth,61764
Jonathan Ross,646,8104 Gomez Harbors,Jasonborough,84520
Diana Hansen,647,0422 Mccarthy Springs Apt. 922,West Erinfort,13521
James Bradshaw,648,72370 Miller Forges Apt. 317,Port Courtneyview,11942
Terry Liu,649,579 Eric Cliff,Deanshire,74627
Nicole Hawkins,650,5542 Farrell Corner Suite 547,New Linda,86026
Michael Mclean,651,7564 James Cove Suite 646,North Brittanymouth,33223
Kristina Jackson,652,70765 Tucker Forges Apt. 540,Wilsonburgh,80976
Thomas Vega,653,651 Sarah Motorway,East Donaldville,88878
Lauren Mooney,654,930 Ashley Grove Suite 526,Kimberlyside,58734
Evan Matthews,655,2379 David Squares,Stevenmouth,57700
Lindsey Hunt,656,4766 Baker Mountains Suite 640,Port Nicolefort,53586
Donna Hobbs,657,655 Charles View,South Travisshire,53750
Jessica Harris,658,788 Bell Crest Apt. 760,North Laura,97846
Erin Pierce,659,18470 Cynthia Groves Suite 750,Richardsborough,71284
Brenda Reynolds,660,9846 Smith Mall,Mccoyport,65316
Edward Clements,661,9696 Estrada Street,Richardview,72916
Jeremy Horn,662,115 Tabitha Brooks,South Jenny,77958
Caitlyn Rowe,663,4622 Brown Radial,North Jason,12067
Eric Alexander,664,0944 Renee Pines Apt. 414,Lake Bradley,24286
Matthew Harrison,665,20886 Simon Place,Nortonborough,81108
Courtney Greene,666,77876 Kim Shoal,South Joshuahaven,55107
Kyle Rodriguez,667,83250 Stewart Place Suite 795,West Timothy,71530
Caroline Huber,668,838 Seth Tunnel,New Kenneth,13409
Brandon Blake,669,602 Mclean Lights,East Amanda,43311
Jessica Williams,670,34565 Sabrina Rest Apt. 715,New Brittneyfort,01159
Jeremy Johns,671,91922 Victoria Knolls,North Alexandraton,11725
Timothy Chambers,672,73761 Melanie Valley Apt. 147,West Emilymouth,07981
Rebecca Johns,673,41757 Courtney Port Suite 797,South Amy,73146
Jermaine Price,674,8700 Craig Port Suite 454,Gayland,14615
Jason Sanchez,675,7002 Baker Mount,North Blake,65298
Amy Turner,676,580 Daniel Dam Suite 655,Stricklandchester,53286
Monica Lopez,677,328 Nicole Lodge,East Seanton,31136
Harold Hernandez,678,4186 Jennifer Station Suite 896,North Amandabury,37584
Cody Young,679,04171 Hicks Branch,Sandraview,56231
Samantha Owens,680,66521 Mendez Run Suite 350,Lake Feliciachester,78922
Virginia Mitchell,681,59459 Monroe Loop Apt. 702,West Dianeland,66714
Ashley Glenn,682,84518 Barbara Ford Apt. 012,North Erikaland,71752
Yolanda Walker,683,2959 Bowen Avenue,Noblefort,89787
Jennifer Williamson,684,5033 Christopher Locks,Hurleyland,37249
Jennifer Lewis,685,0483 Frank Track Apt. 557,New Williamview,21603
Mr. Cory Fox,686,719 Christopher Forest Suite 091,Lake Charles,33836
Michael Calderon,687,55892 Johnson Bypass Suite 819,Charlenefurt,29374
Casey Cooper,688,067 Lisa Plaza,Pacetown,22341
Jason Evans,689,42583 Ford Ferry,Jacobshire,95999
Kristi Anderson,690,40767 Tammy Rest,East Taraville,78041
Mary Jackson,691,2512 Kenneth Plains Apt. 836,Lisaborough,52996
Robert Brown,692,849 Day Estate Apt. 023,Jonathanside,61272
Jennifer Ramirez,693,02343 John Orchard,South Matthewchester,02706
Susan Russell,694,2725 James Falls Suite 113,Georgetown,65203
Randy West,695,017 Yoder Stream Suite 294,Hammondstad,97718
Brandy Taylor,696,4911 Cameron Locks Suite 442,South Emily,86254
Angela Edwards,697,37222 Bray Street,New Kevin,88556
Aaron Wright,698,011 Blackburn Isle,East Carlosberg,29857
Jason Elliott,699,0982 Julie Mall,Port Carrie,04117
Gregory Nash,700,1165 Dylan Street,Richmondport,35118
Kathryn Ray,701,045 Peters Corner,East Jamesport,49617
William Bean,702,1299 Arthur Hill,New Elizabethshire,17577
Angela Cisneros,703,4670 Patrick Ford,Adamsborough,12927
James Stone,704,30791 Erik Shoals Apt. 034,East Crystalport,04586
Nicholas Smith,705,7752 Sandra Centers Suite 221,Hallland,31016
Jessica Diaz,706,5072 Erica Plaza Suite 862,Richmondville,76164
Paige Lambert,707,49913 Michael Lodge,Foleytown,29375
Tyler Smith DVM,708,89871 Barnes Crest Suite 940,Lake Adrienne,12861
Paul Peterson,709,1486 Collier Stream,New Meghan,66363
Eric Fuentes,710,64735 Lindsey Manors Suite 781,Port Frankfort,76170
Anne Herrera,711,031 Snyder Oval,Robertshire,34911
Monica Taylor,712,8474 Tina Gardens,East Reginald,07611
Eric Nunez,713,9815 Cody Fort Apt. 965,Heidiland,43158
Victoria Ray,714,4419 Clarke Springs Suite 716,New Marissaborough,18565
Mrs. Brittany Bennett,715,24582 Rodney Mill,West Vickiland,08327
Judith Patel,716,9987 Kristina Wall Suite 209,Port Sarahaven,99204
Theresa Fox MD,717,1029 Daniel Expressway,North Jennifer,66951
Gary Adams,718,1767 Espinoza Alley Apt. 608,Caldwellchester,76647
Donna Collier,719,17886 Mata Plains,Tracybury,16007
Robert Cunningham,720,8847 Anderson Forge,Carrollstad,90097
Vincent Hall,721,542 Marissa Summit,Ashleystad,49604
Sharon Maynard,722,3342 Erika Creek,Lake Louis,45249
Steven Cannon,723,96187 Johnson Stream Suite 273,Huangland,51841
James Barnett,724,8170 Walker Meadows Suite 686,Port Theresaborough,18573
Kenneth Williams,725,329 Duncan Park,Smithbury,67585
Carol Palmer DDS,726,847 Mark Neck,New Nicole,52636
Kellie Anderson,727,578 Paula Stream,Leblancberg,84916
Makayla Gonzalez,728,591 Julian Way Suite 529,Port Keithburgh,82027
Wesley Frederick,729,58841 Kayla Walk,West Deborahview,51440
Bradley Robertson,730,34845 Carrie Locks Apt. 424,Warrenmouth,43618
Jessica Castillo,731,78822 Lawrence Prairie Suite 562,Huntermouth,62858
Mary Watts,732,687 Jennifer Dale Suite 205,Lake Toni,50817
Elizabeth Lee,733,736 Daniel Plaza,North Davidmouth,00534
Ashley Taylor,734,9186 Wagner Ports,Longville,10182
Alicia James,735,918 Dustin Spring Apt. 522,Rachelland,44179
Donald Salazar,736,86649 Norman Centers Apt. 110,South Emilyport,23951
Paul Salazar,737,34027 Anthony Plains,West Kyleport,78529
William Blair,738,3123 Ellis River,Hermanmouth,20925
Tracey Gill,739,233 Owens Mission,Markshire,40776
Kevin Adams,740,92144 Stephanie Forge,East Carolport,05050
Robert Johnson,741,820 Campbell Circles,Lake Robert,62695
Tamara Bridges,742,9424 Stephanie Creek,Jamesborough,79599
Jennifer Gallagher,743,995 Courtney Manors Apt. 590,East Ronald,37295
Victoria Flores,744,171 Miller Coves,Barnesville,34641
Joseph Becker,745,052 Daniel Curve,Michaelchester,68966
Aaron Gill,746,37103 Tiffany Dale,New Nicoleburgh,05484
Kristine Perry,747,42915 Johnson Mountains,Erinstad,41373
Nathan Bailey,748,45309 Terri Spurs,Guzmanfurt,47078
Nicole Nguyen,749,2287 Rebecca Hollow,East Jessica,11859
Julie Gonzalez,750,1670 Porter Points Suite 722,Angelafurt,81906
Jacob Hawkins,751,133 Reed Plains Apt. 481,New Christopher,72454
Thomas Vaughn,752,308 Simmons Rapid,Anthonyberg,34819
Michael Walker,753,845 Sean Loop Apt. 118,West Cory,76491
Martin Moore,754,0463 Moore Ford,Richardside,90533
Curtis White,755,64615 Jennifer Expressway Apt. 533,North Timmouth,29886
Edwin Kelly,756,0155 Melissa Center,East Masonburgh,65188
Amanda Anderson,757,473 Murray Manor Suite 835,North Christopher,05683
Paul Mccoy,758,454 Evans Locks Apt. 235,New Eric,83740
William Smith,759,31862 Brian Estates,Lake Kristina,77323
Eric Jones,760,84014 Lee Plains Suite 472,Danielton,38668
Vanessa Rollins,761,84706 Robert Lakes,Grantfurt,55610
Alexandria Jones,762,37782 Hughes Via Apt. 248,North Mark,68159
Veronica Martinez,763,654 Kimberly Manor,South Sherry,16819
Krystal Watson,764,051 Dominguez Harbor,Frenchport,45081
Dustin George,765,08115 Reyes Turnpike,Sosabury,88208
Brandon Hanson,766,952 Holland Turnpike Apt. 291,Christianmouth,41888
Jon Jones,767,18263 Jessica Street Apt. 243,Rossview,59122
Scott Johnston,768,3273 Scott Club Suite 763,Kennethmouth,51206
Erica Sanchez,769,1870 Murphy Parks,North Jillton,39635
Brandy Waters,770,449 Galvan Track,Julianborough,24457
Timothy Bennett,771,82671 Rogers Dale Suite 527,New David,64036
Jennifer Sanchez,772,0917 Ritter Road,Morrischester,03578
Sara Newton,773,399 Jaime Streets,West Timothyborough,13563
Ashley Sanchez,774,9718 Gonzalez Common Apt. 984,North Angelamouth,36633
Austin Pratt,775,94338 Crystal Corner Apt. 874,Jillianborough,81029
Christopher Ramirez,776,2732 Debra Mountain Suite 448,Carlsonbury,59166
Derek Moore,777,847 Solis Ports Apt. 353,Kimfort,87380
Martin Fernandez,778,425 Hernandez Burgs Apt. 015,Jessicaburgh,01745
Mitchell Macias,779,906 Tran Garden,Kellyside,45289
Pedro Jones,780,24082 Kelly Fields Apt. 771,Lawrenceland,25166
David Rogers,781,56797 Vega Rapids Apt. 306,Jonathanville,59315
Jade Mitchell,782,96067 Blake Pike,Whiteheadshire,44132
Michael Walls,783,900 Gary Mews,South Michealhaven,96345
Sharon Sellers,784,455 Chase Trace Suite 921,New Rebecca,76149
Shannon Harrison,785,4774 Wilson Port Suite 785,Lake Laurentown,15983
Dennis Hernandez,786,577 Mitchell Crescent,Lisamouth,30763
Amanda Ford,787,53148 Scott Street,Port Davidborough,70751
Anna Carter,788,063 Emily Land,Masseystad,35847
Mary Smith,789,0136 Joseph Causeway,West Timothy,39565
Austin Walker,790,431 Young Ports Suite 795,Kendraville,63026
Amber Monroe,791,59507 Heather Ford,Lake Dawnview,19289
Michael Nguyen,792,1277 Sanchez Route,Hurleyside,62185
Barry York,793,8124 Jimmy Circles,South Andreatown,93690
Rachel Burns,794,427 James Pine,West Gary,92942
Scott Anderson,795,428 Johnson Vista,Donovanville,52578
Shannon Mcintosh,796,727 Hamilton Way Suite 294,South Nathan,77235
Stephen Summers,797,8931 Stewart Knolls Suite 273,North Katieborough,38694
Sherry Galloway,798,893 Cain Junction,Simonborough,94114
Wyatt Strong,799,43921 Vanessa Court,East Kristinaside,38340
Brandon Mullen,800,2348 Kelsey Rapid Apt. 249,New David,81588
Robin Smith,801,788 Ryan Plaza,South Todd,80364
Jesse Wilson,802,0373 Theresa Junction,Port Linda,12071
Julie Hardy,803,461 Craig Burgs,West Jasonmouth,74600
Rita Graham,804,4544 Michael Bypass Apt. 011,Wilsonfurt,21120
Deanna Lloyd,805,068 Mcdaniel Mountain,North Amy,00693
Donald York,806,9214 Anthony Junction,Lake Raymond,05682
John Mcdonald,807,23284 Vincent Pass Apt. 007,East Anthony,39459
Kimberly Fleming,808,9170 Theodore Shoals Suite 213,East Rebeccafurt,23293
Lauren Goodwin,809,6270 Rodriguez Court,Tiffanybury,86925
Judith Smith,810,6498 Anderson Harbors,East Bobby,71700
Alexandria Orozco,811,077 Simpson Meadow Apt. 360,South Louis,05466
Thomas Freeman,812,212 Robinson Key,Hallside,12893
Manuel Wallace,813,2430 Kidd Walks Suite 142,South Melissaview,73216
Jennifer Savage,814,524 John Plaza,South Russellton,98710
Haley Pierce,815,693 Stephen Radial Apt. 119,Lake Mariaport,88163
Sharon Robinson,816,20038 Savage Ports Apt. 477,South Tammy,29995
Nicole Anderson,817,2810 Shannon Overpass,North Stephaniehaven,85557
Sandra Jordan,818,2134 Tyler Divide Suite 511,Walshfort,06548
Abigail Walker,819,5976 Kayla Field,East Mariofort,32790
Rebecca Lam,820,1499 Kevin Knoll,Lake Daniellestad,53567
Jeffrey Stone,821,1475 Glover Circle,Lake Justinhaven,83432
Brandy Adams,822,11044 Hunter Square,North Sheila,99131
Amy Smith,823,46935 Smith Streets,Phillipsstad,20307
Jennifer Barber,824,62128 Silva Mission,Juanstad,29961
Kristin Walker,825,6831 Long Meadows Suite 980,East Jane,58606
Jared Warren,826,758 Zavala Cliffs,Lake Judy,89371
Timothy Brewer,827,66631 Michael Ports Suite 970,South Peter,95256
Courtney Rodriguez,828,185 Horton Station Suite 664,Juliafurt,29808
Michael Dennis,829,3047 Antonio Harbor,South Sarah,52446
Randall Hendrix,830,882 Morgan Squares Suite 179,East Robertburgh,58359
Beth Figueroa,831,736 Thomas Common Suite 197,Lake Erikmouth,98789
Michael Hardy,832,137 Weiss Courts Apt. 891,Lopezland,23518
Sheri Miller,833,3741 Aaron Motorway,Laneborough,46473
Stacey Jimenez,834,153 Lacey Field,Anthonytown,14758
Stephanie Roach,835,39670 Spencer Alley Apt. 292,West William,06953
Toni Mason,836,5101 Houston Oval,North Suzanne,94628
Mrs. Stephanie Martinez,837,715 Vanessa Knolls Suite 006,Leahchester,19000
Katelyn Velasquez,838,5200 Ingram Port,Danielview,06084
Robert West,839,068 Hines Mountain Apt. 907,West Christopher,54389
Zoe Rogers,840,2010 Lopez Mill,East Deniseside,27460
Timothy Watson,841,15898 Hooper Stravenue,South Austinmouth,88264
William Bailey,842,6076 Daniel Lakes Suite 916,Berrybury,85901
Sonia Jordan,843,5541 Johnson Corner,Melanieland,04044
Mary Garcia,844,8772 Orozco Radial,Port Josephport,39489
Timothy Matthews,845,74883 Parks Springs,New Melissa,06492
Bradley Doyle,846,6028 Calderon Springs Apt. 875,Gomezberg,55968
Samuel Fuller,847,53067 Scott Shoal Suite 949,Rodriguezville,18980
Robert Wilson,848,7697 Zhang Mountain Suite 380,New Jeffreyview,37163
Gregory Parker,849,107 Ariana Rapid,Smithton,08747
Richard Flynn,850,3100 Christian Inlet Apt. 489,West Robin,24118
Anita Carter,851,29364 Wright Turnpike,North Gregoryberg,40297
Helen Mills,852,684 Moore Ferry,West Ivanstad,65371
Beverly Meyers,853,898 Hebert Inlet,Kristahaven,60815
Joseph Watson,854,623 Matthew Springs,Davidburgh,83858
Michael Hickman,855,8953 Allen Ridge,Bryanfurt,12561
Darryl Sullivan,856,574 Mendez Club Suite 364,South Rebecca,59113
Anthony Rodriguez,857,00213 Hill Court Suite 784,Joannaport,37480
Patricia Richardson,858,73626 Don Spring Suite 532,Nancyburgh,85513
Aaron Lucas PhD,859,03427 Maria Hill Suite 474,Gonzalezmouth,99627
Kathleen Ross,860,508 Michael Wall,Johnborough,67736
Gregory Conway,861,9067 Kelly Coves Apt. 541,Kevinhaven,49223
Alexander Mason,862,6632 Roberto Place Apt. 353,Lake Angelaville,15673
Richard Graham,863,21775 Ward Keys Apt. 226,South Wendy,80100
Aaron Hanson,864,9763 Kathleen Street,North Brianmouth,62813
Joel Oconnell,865,84258 Cruz Mount Suite 022,Amandaville,35588
Maria Perez,866,57980 Cooper Spring Suite 515,East Katie,31112
Joseph Williams,867,63303 Melanie Spurs Suite 951,Benjaminview,13933
Priscilla Parrish,868,61463 Claudia Lane,East Jamesside,71293
Joseph Rodgers,869,00322 Hart Landing Apt. 503,South Cheryl,19441
Aaron Martin,870,9428 Parker Orchard Apt. 362,Lake Jill,85506
Paul Carter,871,61851 William Club,Port Alan,79891
Benjamin Boyle,872,7019 Contreras Canyon Suite 504,Port Darrellton,92353
Jasmine Cordova,873,316 David Gateway,Lisaville,97063
Paul Gonzalez,874,69506 Holly Springs Suite 294,South Marvinland,61049
Selena Aguirre,875,998 James Motorway,Port Nathanport,07876
Michelle Mckee,876,1244 Williams Union Suite 520,Lake Jeffery,07901
Jeffrey Walker Jr.,877,8964 Robert Islands,East Colleen,23559
Chad Powell,878,05732 Phillips Roads Suite 022,New George,51806
Jennifer Lee,879,45560 Thompson Views,East Jason,47630
Patty Blackwell,880,717 Miller Vista,West Matthewmouth,67637
Barbara Gilmore,881,53864 Love Point Apt. 107,South Natasha,47037
Tonya Booth,882,8021 Robinson Camp Apt. 213,Lake James,67162
Janice Conrad,883,66785 Kathryn Fields Apt. 650,Sharpborough,66029
Lucas Powell,884,636 Grimes Passage,East Reneeborough,25377
Scott Black,885,328 Patrick Locks Apt. 174,East Pamela,08051
Annette Lopez,886,1398 Martha Courts,Nealchester,23916
Alan Carroll,887,541 Martin Underpass,Millsshire,29708
Jodi Moss,888,1472 David Springs,Browningmouth,13079
Meghan Lee,889,0629 Benson Cliffs,East William,43344
Carolyn Pacheco,890,6783 Chris Island,Christophermouth,18335
Tammy Woods,891,734 Farrell Squares Suite 771,Heatherville,78516
Pedro Wilkinson,892,49966 Hayes Viaduct,North Katrinachester,87333
Tiffany Wilson,893,232 Aaron Greens Suite 902,Reginaside,77116
Michelle Jenkins,894,4933 Wilson Points Apt. 501,Amandamouth,37271
Eric Rodriguez,895,26264 Jason Wall,Scotttown,16207
Danielle Gross,896,2787 Coleman Corner Apt. 214,North Christopherfurt,28160
Patrick Williamson,897,775 Santos Mountain,Reeseton,44431
Jennifer Stevens,898,819 Daugherty Walks,Port Edwardhaven,18830
Alisha Green,899,52662 Chelsea Plains,Rayhaven,99303
Kenneth Benson,900,475 Marie Mountains Suite 907,New Kimberlytown,83073
Terry Mckenzie,901,5876 Young Loaf,Hunterbury,43623
Sara Patterson DVM,902,78453 Christopher Field Apt. 633,Fosterberg,92839
David Patrick,903,8806 Marie Island Suite 965,New Dustinmouth,09787
Monica Garrett,904,57787 Michael Inlet,East Christophertown,19782
Bryan Ali,905,96537 Fox Springs,North Amanda,18427
Elizabeth Fox,906,603 Lutz Parkway,Port Katie,67715
Hannah Hoffman,907,63230 Kristen Pike,New Jon,25745
Jonathan Collins,908,641 April Glens,Tonyaville,68473
Lisa Greene,909,726 Mary Knolls Suite 005,Bobbyhaven,84235
Kristin Matthews,910,21016 Rivera Circle Apt. 469,Wellston,66069
Debra King,911,311 Kenneth Radial Apt. 133,Port Kimberlyfurt,94282
Lisa Smith,912,7696 George Village,Wrightborough,22272
Brad Graham,913,37915 Laura Trail Suite 384,Curtischester,59586
Mrs. Mikayla Mason,914,3630 Anderson Junctions Apt. 278,East Juanland,48515
Pamela Thomas,915,46970 Michael Knoll,Latoyachester,95525
Anita Scott,916,66375 Horton Island Suite 129,East Sean,86454
Jeffrey Burke,917,3579 Glenn Lodge,Churchville,25275
Tammy Duncan,918,13354 Farley Turnpike,Lake Seanhaven,41353
Sharon Davis,919,15550 Richardson Road Suite 845,Port Robert,22780
Ariana Blackwell,920,248 Lori Road,Mitchellton,26131
Cindy Thomas,921,66828 Tucker Isle Suite 382,Smithfort,68898
Julia Powers,922,3772 Jonathan Fork Apt. 731,Brownland,35135
Christina Schneider,923,5209 James Via,Port Anitaton,63413
Heather Vargas,924,6025 Golden Mountains Apt. 812,West Charleneport,25214
Paul Hernandez,925,04159 Emily Ways,Antoniochester,95189
Zachary Norton,926,308 Elliott Track Apt. 878,East Sallychester,67561
Sean Collins,927,139 Sanchez Cliffs,North Lisa,26364
Angela Martin,928,9518 Goodman Freeway,Nicholasmouth,46767
Perry Nielsen,929,6661 Cantu Alley Apt. 836,Hunterton,61295
Denise Gallegos,930,8341 Pope Harbors Suite 643,South Kimberly,57920
Pamela Crawford,931,85752 Jason Neck,South Paulaton,63080
Brandi Bates,932,282 Sandra Forest,East Kelly,92773
Peter Johnson,933,6257 Lee Underpass,Omarberg,18550
Joel Foster,934,76666 Rachel Track,Hoodfurt,38220
Stephen Camacho,935,75336 Amanda Isle Apt. 448,Huntershire,89194
Craig Bennett,936,16583 Parker Causeway Apt. 625,New Kenneth,41721
Michelle Dennis,937,01348 Jackson Port,North Jennifer,05176
Christopher Myers,938,600 Stewart Prairie,South Lisa,50144
Sean Lopez,939,34226 Andrew Ville Suite 311,East Christopher,29348
Stephanie Pittman,940,39554 Cherry Camp Apt. 440,New Matthewbury,52157
William James,941,72614 Davis Park,South Walter,71375
Pamela Cooper,942,500 Lloyd Groves,Lake Debbie,40676
Ashley Allen,943,7972 Melanie Island,Lake Gloriafurt,23772
Jermaine Gardner,944,4410 Wesley Locks,North Christopher,05968
Daniel Lane,945,2773 Michael Shoal Apt. 611,South Samantha,00858
Nancy Warner,946,8274 Ashley Trace,Kristinchester,05431
Jacob Sanchez,947,325 Destiny Cape Suite 538,Melissafurt,12701
Catherine Mitchell,948,658 Green Island,Lake Lisa,86813
Alexandra Miles,949,7068 Evans Pass Apt. 891,Weeksshire,72747
Autumn Campbell,950,24841 Kevin Parks Apt. 939,Oliviastad,54838
Abigail Romero,951,367 Alfred Cape,Goldenstad,40856
Richard Stevens,952,60903 Victoria Branch Suite 036,West Jodiport,73856
Karen Turner,953,38119 Donna Points,Jeanetteport,55527
Kenneth Clay,954,0501 Stacy Branch Apt. 012,Salazarshire,92198
Lindsay Nunez,955,8314 Lori Mountain,West Christopherport,83388
Dustin Villarreal,956,785 Rodriguez Manor,New Jameschester,23893
Mary Hernandez,957,682 Rollins Tunnel,Johnsonview,36137
Lawrence Salinas,958,33297 Duffy Trail Suite 145,Francoberg,98149
Joseph Jackson,959,6975 Christina Ports,New Joeview,07516
Anthony Ross,960,3095 George Crossing Suite 433,East Hannah,76359
Cole Cook,961,78440 Garcia Knolls,West Taylor,40215
Sarah Huang,962,5483 Johnny Stream Apt. 772,Lake Andrew,46787
Tony Cannon,963,68938 Pierce Vista,South Jeremy,42786
Dennis Beck,964,664 Newman Fords,South Katherine,22605
Kaitlin Anderson DDS,965,98431 Chen Passage,Lake Gregorymouth,61132
Nicole Atkins,966,740 Mary Rue Apt. 381,Port Wendy,53648
Debra Oconnor,967,144 Sarah Circles,Port Amber,50996
Michelle Shelton,968,650 Garcia Mews,Blairtown,18001
Brittney Sanchez,969,836 Gibson Plain,Port Stacy,68840
Billy Tapia,970,5649 Williams View,Kinghaven,66228
Alexander Woodward,971,34216 Cabrera Cliffs,East Eileen,66374
Felicia Johnson,972,426 Luke Light Apt. 717,Floreston,01627
Cheryl Taylor,973,85773 Timothy Alley,Ryanmouth,56681
Lori Butler,974,3950 James Loop Apt. 810,Lake Anthonyfort,76615
Thomas Reynolds,975,43013 Susan Park Suite 189,Lake Robin,25790
Andrea Russell,976,515 Darren Mountains,Keithborough,67202
Melissa Brown,977,469 Kristen Forks,Boltonville,54858
Jacob Giles,978,660 Adams Ridge Apt. 644,Gloverfort,61844
Karen Montgomery,979,6603 Dalton Shore,East Bryanville,17868
Robert Combs,980,498 Carrillo Path Apt. 122,Smithton,99590
Dawn Taylor,981,002 Catherine Isle Apt. 257,West Robertville,35691
Oscar Douglas,982,2125 Stephanie Shore,Hendrixton,32607
Erin Fischer,983,53645 Bennett Tunnel Suite 263,East Kimberly,93970
Patricia Hughes,984,74995 Ford Gateway,East Richardport,34504
Erica Bradford,985,468 Fuller Ramp Apt. 095,Mcdanielberg,48696
Evan Flores,986,822 John Terrace Suite 380,Grayville,53238
Daniel Brown,987,3860 White Neck Apt. 052,Jordanfort,96406
Amy Brooks,988,1409 Sarah Squares Suite 835,New Michaelborough,91428
Phillip Freeman,989,33212 Taylor Walk Suite 552,East Carrie,62185
James Fox,990,8811 Freeman Camp Apt. 956,Lake Tammy,35558
Jessica Glover,991,54171 Hendricks Islands,Chadton,72687
Anthony Vega,992,23483 Sullivan Trail Suite 361,Craigview,54751
Maria Henry,993,00863 Willis Freeway,Herreraland,86099
Nicole Rice,994,26883 Mendoza Curve,New Michaelhaven,96298
Tonya George,995,74843 Flores Parkways,Port Annashire,01033
Anne Ali,996,155 Harmon Point,Waltonville,31988
Nancy Ramsey,997,29701 Melissa Tunnel Suite 847,Ryanburgh,42469
James Jenkins,998,2408 Heather Junctions,Paulaport,24032
Sarah Herrera,999,409 Gomez Gateway,Annshire,91517
Theresa Mcbride,1000,382 Price Extension Suite 533,West Andreburgh,89390
Donna Gomez,1001,792 Miller Fords,South Heather,72799
