,name,city
0,Big Bird,Fakeville
1,Brittany Mendoza,Nicolechester
2,Brenda Bowen,Catherineton
3,Keith Yang,Bridgetburgh
4,Timothy Mccormick,Tuckerside
5,Edward Thompson,Lake Richard
6,Kyle Meyer,New Jordanfurt
7,Anthony Mueller,West Jaimetown
8,Brenda Green,Michaelburgh
9,Alejandro Carroll,Martinland
10,Matthew Davis,Lisaborough
11,Cory Bennett,Lynnborough
12,Douglas Knight,Stevensborough
13,Brian Lee,Wilsonfort
14,Mary Lambert,Meredithton
15,John Moreno,Kennethshire
16,Michael Johnson,Jamesmouth
17,Jane Morris,West William
18,Patrick Wood,Millerhaven
19,Brittany Fox,Perezview
20,Brandon Campbell,West Laura
21,Terrence Carter,South Amy
22,Jessica Baldwin,North Katherineborough
23,Christina Lawrence,Shawnberg
24,Jack Walls,Williambury
25,John Beard,West Jill
26,John Jones,West Mark
27,Eric Bryant,West Cheryl
28,Patrick Chapman,West Richardborough
29,Elizabeth Valdez,West Ericview
30,Tammy Farmer,Downston
31,Robin Townsend,Brownmouth
32,Stephen Brooks,Youngchester
33,Cheryl Soto,Ramirezmouth
34,Julie Wilson,Drewville
35,Karen Cannon,Reedport
36,Sheila Phillips,Brownfurt
37,Kaylee Escobar,Lake Bradley
38,Christopher Reynolds,Port Stacy
39,William Lee,North John
40,Austin Williams,Dawnfurt
41,Joan Luna,Lake Gabriel
42,Cassandra Velez,West Christophermouth
43,Christopher Stevens,Leeville
44,Jessica Gaines,Shannonside
45,Edwin Walker,Paynestad
46,Catherine Martinez,Kennethton
47,Michelle Weaver,Owensstad
48,Donald Pham,North Mikechester
49,Russell Mathews,Jameston
50,Dylan Hernandez,Michaeltown
51,Deborah Fletcher,South Isaiah
52,Scott Friedman,Tiffanymouth
53,Matthew Chan,North Sabrinashire
54,Jessica Jones,Montgomeryside
55,Anna Noble,Whiteville
56,Sarah Williams,Mckinneyburgh
57,Anthony Edwards,West Matthewport
58,Eric Mejia,Fraziermouth
59,Willie Cook,Anthonybury
60,Justin Moran,Michelletown
61,Chelsea Mcconnell,Lake Willie
62,Christopher Greene,Smithborough
63,Christopher White,Port Johnfort
64,Janet Mills,Zacharyport
65,Cynthia Henderson,New Ashley
66,Sheila Singh MD,New Richard
67,Laura Alvarado,South Jennifershire
68,Victoria Johnson,Port Andrew
69,William Anthony,South Erin
70,Cynthia Martin,Lake Dianashire
71,Lindsay Lawrence,Kevinmouth
72,Frank Haley,Ewingmouth
73,Charles Taylor,Lake Brianmouth
74,Carolyn Fernandez,Jonathanshire
75,Steven Villarreal,North Williamburgh
76,Gregory Blair,Lawsonhaven
77,Cathy Butler,Adamland
78,Rodney Harris,Stevenfort
79,Levi Chavez,Lake Christianview
80,Elizabeth Jones,Lake Debbie
81,Brianna Smith,South Tylerview
82,Melanie Moore,Rachelland
83,Allen Abbott,East Amanda
84,Andrew Burke,West Aliciafort
85,Jamie Garcia,South Brittanyburgh
86,Kyle Guerrero,Davidfort
87,Ronnie Davis,North Heathermouth
88,Monica Taylor,Mikaylaton
89,Karla Robinson,Tonitown
90,Bianca Banks,New Miguelside
91,Samuel Cox,New Lucasview
92,Paul Wood,South Maryborough
93,Michael Roy,New Johnbury
94,Tracey Gallagher,Lewismouth
95,George Conway,Jenniferbury
96,Dale Curtis,Lisaland
97,Veronica Mcmahon,North Ronnieport
98,Richard Duran,East Sara
99,Donna Davis,South Martha
100,Tammy Cooper,Brianside
101,Kyle Mcclain,Freytown
102,Alison Wilkins,Heatherbury
103,Randall Price,Sergiohaven
104,Derek Buchanan,Rachelchester
105,Tara Miller,Mataland
106,Ronald Warren,Stephanieberg
107,Lori Nguyen,Williamshaven
108,Lisa Johnson,East Jenniferfurt
109,Andrew Ellis,Porterbury
110,Jeffrey Duncan,Juliestad
111,Anthony Haynes,West Diane
112,Meghan Bond,Boydhaven
113,Peter Casey,Mooreside
114,Natalie Martin,Meganshire
115,Thomas Arnold,Wesleystad
116,John Deleon,East Timothyton
117,Regina Nielsen,South Reneeton
118,David Anderson,North Susan
119,Ronald Mills,Lake Codyfurt
120,Mark Kirk,Traceyfurt
121,Tyler Hernandez,Steventon
122,Jacob Burns,South Eddie
123,Charles Greer,North Shelly
124,Renee Wilson,Smithport
125,Jermaine Carlson,Brooksmouth
126,Laurie Russo,Brandonhaven
127,Marcus Delacruz,Basshaven
128,Michael Gaines,New Lisa
129,George Thompson,Macdonaldshire
130,Edward Cummings,Williamview
131,Thomas Wood,Lake Anna
132,Lauren Oconnell,West Angela
133,Cody Rivera,Rhondaton
134,Rachael Johnson,West Terranceton
135,Gregory Sanders,East Jacobmouth
136,Allison Brown,Rossshire
137,Ryan Diaz,Williamshire
138,Grant Ellis,Port Toddfurt
139,Donna Hernandez,Ryanberg
140,Austin Hines,West Wyatt
141,Stacey Smith,Johnstonport
142,Benjamin Johnson,Vincenttown
143,Michael Roach,Johnland
144,Michelle Hall,New Michellefurt
145,Matthew Hudson,Jacksonberg
146,Cameron Jones,Lake Gregory
147,Kristy Jimenez,Michelleburgh
148,Michael Larson,South Christinaland
149,Anthony Madden,Bakerchester
150,Kristen Willis,New Kim
151,Kathryn Rodriguez,Ricemouth
152,Charles Giles,Richardsonmouth
153,Sarah Neal,Jorgefurt
154,Audrey Cordova,Micheleburgh
155,Donna Drake,North Erica
156,Mario Miller,Youngmouth
157,Michael Butler,Samanthamouth
158,James Velazquez,Port Derekhaven
159,Kara Ritter,East Jamestown
160,Ryan Williams,Josephmouth
161,Roy Olsen,North Marie
162,Mrs. Daisy Parks,Port Thomas
163,William Sawyer,South Rhondaland
164,April Rogers,West Trevor
165,Kristen Richards,Josephland
166,April Thomas,South Justin
167,Christine Frank,East Larry
168,John Hawkins,Vazquezland
169,Jason Patton,Michaelland
170,Sharon Lloyd,Lake Carlaland
171,Nicholas Armstrong,Ortizbury
172,Wendy Mccormick,Gutierrezfort
173,Joshua White,East Kellymouth
174,Dr. Sharon Johnson,Port Kevin
175,Alexandra Richards,Port Robert
176,Mr. Brian Sharp,Nathanport
177,Glenn Rowland,West Scottbury
178,Jerome Wilson,Robertchester
179,Patrick Holmes,Duffystad
180,George Pittman,New Jessica
181,Nicole Martinez,New Christinemouth
182,Melinda Conway,Alyssaville
183,Steven Dixon,Racheltown
184,Sharon Adams,Port Philip
185,Brittany Lyons,Christophermouth
186,Rebecca Valencia,South Nathanborough
187,Pamela Harris,New Kristinshire
188,Nathan Davidson,Heatherland
189,Ronald Oliver,Port Laura
190,Carrie Robbins,Nunezfurt
191,Ashley Clark,West Katherinestad
192,Tabitha Nunez,Rebekahfurt
193,Debbie Thompson,South Tonyaberg
194,Mark Elliott,Garrisontown
195,Nathaniel Ferguson,Jordanton
196,Miss Cassandra Scott,Katherinechester
197,Andrew Adams,Lopezmouth
198,Nichole Taylor,Austinfort
199,Haley Marshall,Sandovalmouth
200,Ryan Scott,Lake Williamview
201,Laura Riley,Port Craig
202,Theresa Jennings,Nicholsfort
203,Mark Simpson,Davidstad
204,Cheyenne Howe,Davisside
205,Sheila Fisher,Andrewborough
206,Mike Anderson,Ninamouth
207,Roberto Lawson,Foxstad
208,Gregory Lee,West Aaron
209,Ashley Johnson,Dennisberg
210,Shane George,Snyderchester
211,Shawna Compton,Morenomouth
212,Antonio Blake,North Tammy
213,Joseph Torres,Mooreshire
214,Christopher Parker,East Ryan
215,Terry Watts,Sydneyton
216,Mary Clayton,Erinton
217,Rodney Reyes,Ortizbury
218,David Johnson,West Allen
219,Emily Carrillo,Port Mariashire
220,Laura Turner,Lake Zacharyburgh
221,Heather Horn,Port Erin
222,Teresa Evans,Lopezfurt
223,Shelby Smith,Fryport
224,William Aguilar,Lisaville
225,Tami Miller,South Tarabury
226,Brandon Bright,West Michael
227,Jason Wallace,Paulburgh
228,Caitlin Thornton,South Tanner
229,Steven Ramirez,East Meganside
230,Rhonda Brown,South Julie
231,Melissa Williams,North Nancyview
232,Monica Walls,West Tammyshire
233,Dana Williams,Tristanfort
234,Michael Lewis,Ruizhaven
235,Barbara Stewart,Dunnberg
236,Albert Garcia,Colemanton
237,Kristin Henderson,South Donnachester
238,Michelle Johnson,New Jordan
239,Frederick Lambert,East Kevin
240,Shelley Pitts,South John
241,Kimberly Perry,Kevinmouth
242,Douglas Dickerson,South Rogerport
243,Elizabeth Padilla,Amberville
244,Patricia Howard,North Mary
245,Lindsay Strickland,West Matthewstad
246,Rebecca Gonzalez,Rickystad
247,Jason Kelly,East Nicole
248,Kelly Miller,Lake Hannah
249,Tim Dean,Peterfurt
250,Glenda Smith,South Mark
251,James Shelton,Larsonstad
252,Thomas Burton,Nicholasview
253,Michael Mcfarland,West Michael
254,Emily Salazar,Johnsonland
255,Anthony Jackson,North Richard
256,Lorraine Brown,South Tannerton
257,Barbara Gonzales,Matthewfurt
258,Andrew Garza,West Brandon
259,John Garcia,East Amandabury
260,Earl Walker,South Robertberg
261,Michael Ruiz,South Emilyhaven
262,Thomas Tyler,Mckinneystad
263,Jose Wolf,North Sarashire
264,Shannon Thompson,Jonathanstad
265,Isaac Conley,East Paul
266,Kevin Curtis,North Michael
267,Matthew Russo,Adamschester
268,Rebecca Washington,Lisachester
269,Michael Hicks,Swansonfort
270,Erica Haley,Sheliahaven
271,Brandi Palmer,Millermouth
272,Robert Pena,Dannystad
273,Claire Hernandez,Hollystad
274,Jennifer Schmidt,Raymouth
275,Kaylee Ruiz,South Angela
276,Madison Rogers,East Kimberly
277,Samuel Kennedy,Lisaport
278,Benjamin Sanders,South Stanley
279,Kendra Carpenter,West Lisachester
280,Courtney Stewart,Martinezburgh
281,Christina Williams,Port Jennifertown
282,Kelly Taylor,Katiefurt
283,Jennifer Smith,Theodoreland
284,Russell Cooper,Robertbury
285,Wanda Miller,Lake Kevinville
286,Richard Lopez,Katherinebury
287,Tommy Patterson,Seanport
288,John Calderon,North Christopherport
289,George Moore,North Davidland
290,Victoria Burton,Kimberlymouth
291,Corey Thompson,Hernandezhaven
292,Joshua Jones,Reidmouth
293,Elizabeth Medina,Port Loriborough
294,Hayley Barrett,Shannonbury
295,Brenda Gibbs,South Krystal
296,Brittney Hale,West Robert
297,Jeremy Lucero,Jonathanview
298,Anthony Brown,Barbarastad
299,Jose Clark,Teresaside
300,James Bruce,Lake Mark
301,Christina Williams,Williamfurt
302,Christopher Davis,Hectorville
303,Lorraine Conley,Williamstad
304,Janice Martin,Williamston
305,Paul Evans,Shaunton
306,Scott Garrett,West Darryl
307,Steven Lewis,Hillburgh
308,Mark Bullock,Johnsonfort
309,Leah Brown,Briannaville
310,Rita Martinez,Saraton
311,Tina Hayes,Ericmouth
312,Brenda Jackson,Lake Robert
313,Travis Miller,South Carolyn
314,Megan Cox,Edwardborough
315,Lori Pearson,Cynthiaport
316,Ryan Holland,Toddchester
317,Marcia Griffin,Carterburgh
318,Robert Mitchell,Garciafurt
319,Emily Hayes,New Jeffreychester
320,Christian Wolf,Houseview
321,Jordan Thomas,Raymondfort
322,Vincent Evans,Donnafort
323,Timothy Bryant,East Brandon
324,Christopher Young,North Ryanville
325,Jackie Harris,East Aaronport
326,James Garcia,Aprilland
327,Alyssa Ramos,West Joshuaport
328,Richard Hamilton,New Gregoryshire
329,James Carrillo,Allisonton
330,Allison Curtis,Joshuaberg
331,Tracy Daniel,Lake Christopher
332,Jennifer Lawson,Lake Michael
333,Joshua Barrett,Herreraside
334,Christopher Riley,Sanchezside
335,Thomas Reeves,Lake Samantha
336,Scott Miller,Victorborough
337,Allen Gray,Thomasland
338,Kenneth Jones,Rileymouth
339,Joseph Turner Jr.,Port Claire
340,Stephanie Lopez,New Kathrynborough
341,Alex Caldwell,Jonesstad
342,Gabriel Richardson,East Shannon
343,Penny White,Ortizshire
344,Holly Farmer,Sarahbury
345,Christopher Walker,New John
346,Kristina Morris,Bradymouth
347,Reginald Simpson,Lake Amandatown
348,Alicia Anthony,Smithville
349,Amy Grant,Karimouth
350,Carol Ball,Bensonchester
351,Ronald Ball,Cordovaville
352,Maria Campbell,Port Alishaside
353,Suzanne Garcia,Samanthaburgh
354,Michael Bradley,South Annburgh
355,Daniel Alvarado,Bettyfort
356,Connie Estrada,Perkinschester
357,Mrs. Carolyn Sweeney MD,Lake Mark
358,Laura Clark,Martinfort
359,Patricia Wilson,Martinberg
360,Anna Graves,Leslieport
361,Joseph Wright,Lake Courtneymouth
362,Franklin Wright,Murrayhaven
363,David Walters,Dianaview
364,Katie Stafford,Williamsmouth
365,Edward Shea,South Joseph
366,Jacqueline Wu,Michelleburgh
367,Sean Booth,Kingshire
368,Yvonne Martinez,Christianmouth
369,James Lara,Farrellshire
370,Sara Collier,North Veronica
371,David Wilson,Jerrychester
372,Taylor Alexander,Johnsonburgh
373,Mark Jones,Kelliton
374,Matthew Williams,West Chadborough
375,Sandra Lee,North Tammy
376,Cynthia Zavala,Lake Robert
377,Teresa Brown,East Megan
378,Jessica Williams,New Marcusmouth
379,Tamara Parker,Meganville
380,Sean Whitehead,East Carolynborough
381,Amanda Wheeler,Robertside
382,Linda Hickman,Port Travisstad
383,David Stewart,Jamesland
384,Brent Christensen,North Donald
385,Aaron Sanchez,Gonzalezview
386,Brian Brown,East Benjaminshire
387,Christy Avila,Port Jenniferton
388,Jason Mason,New Sandraton
389,Kristy Clark,Lake Jesse
390,Savannah Bernard,New Ashleyside
391,Cynthia Jennings,West Ashleyton
392,Ray Dixon,East Ashleyburgh
393,Eric Garcia PhD,East Kimberlyport
394,Margaret Obrien,Sharonview
395,Angel Dixon,New Peterhaven
396,Benjamin Green,Thomaschester
397,Christina Crosby,Leemouth
398,Kathleen Thompson,Port Kristineshire
399,Drew Snyder,Matthewsland
400,Richard Wiley,South Raymond
401,Timothy Richardson,Brownbury
402,Russell Brown,Thomasshire
403,Bethany Barnes,Bakershire
404,Melissa Williams MD,Samanthashire
405,Rebecca French,Morafort
406,Ronald Flores,New Anthonymouth
407,Robin Flores,Michaelview
408,Samantha Mann,Victoriaton
409,Stacey Moss,Manuelstad
410,Kimberly Stevenson,New Rebeccamouth
411,Alex Scott,Alejandromouth
412,Timothy Anderson,Priscillaberg
413,Catherine Meadows,North Kennethmouth
414,Russell Peterson,West Michael
415,Sandra Turner,South Grantchester
416,Kevin Johnson,Lake Tracyborough
417,Kristin Martinez,North Andreaside
418,Stephen Murphy,East Markview
419,Marie Cooper,Port Leahmouth
420,Andrew Arnold,Lake Daniel
421,Derrick Booth,Smithstad
422,Anthony Burke,North Willieberg
423,Crystal Rogers,Joditon
424,Mario Acevedo,New Julieberg
425,Tara Lopez,Stokesfurt
426,Monica Bernard,Swansonburgh
427,Gary Robbins,Jaredland
428,Jennifer Phillips,Ibarraview
429,Mary Huerta,Lake Savannahchester
430,Lori Hudson,North Stevenstad
431,Matthew Hernandez,North Johnathanshire
432,John Hines,North Daniel
433,Robert Guerrero,North Christinechester
434,Austin Jensen,East Benjamin
435,Wendy Hahn,Port Lisaport
436,Yvonne Manning,Jeremyside
437,Brad Jones,Scottburgh
438,Tyler Blankenship,South Donaldton
439,Stephen Jackson,South Kathy
440,Marcus Lewis,Kevintown
441,Megan Rogers,Bowmanstad
442,Anita Costa,Dominguezhaven
443,Hannah Young,Bowenton
444,Michael Robinson,South Maryville
445,Elaine Lynch,New Melinda
446,Brenda Patel,Acostabury
447,Tiffany Phillips,Nicolefurt
448,Patricia Garcia,New Christopher
449,Steven Turner,East Kelly
450,Christopher Morales,Greenefurt
451,Tammy Mata,Timothyhaven
452,Douglas Stanley,West Jason
453,Julie Johnson,Carrillostad
454,Andrea Robinson,New Tonya
455,Cory Davis,South William
456,Heidi Torres,Andersontown
457,Angela Barron,Alexandrastad
458,Casey Hughes,Jasonside
459,Nicole Melendez,West Zachary
460,Tamara Harper,North Joseph
461,William Carpenter,Jeffreyside
462,Malik Fischer,Brandonton
463,Amanda Chambers,Harveyside
464,Teresa Sandoval,New Travisland
465,Brian Carr,Riveramouth
466,Ronald Fuentes,Dominguezburgh
467,Amy Garcia,Angelaside
468,Denise Werner,East Chadfort
469,Randall Wilson,West Joshua
470,Robert Knight,Suzannefort
471,Michael Torres,Lake Samantha
472,Wayne Adkins,Lake Thomas
473,Stephanie Reyes,Lake Jamesland
474,Matthew Hernandez,Port Angela
475,Mark Mcdonald,Michaelchester
476,Kevin Schwartz,South Jennifer
477,Daniel Ramirez,West Yolandatown
478,Tiffany Anderson,West Nicole
479,Devin Mcfarland,Maryport
480,Alicia Nelson,Snowville
481,Lauren Thomas,New Charles
482,Anna Henderson,Armstrongberg
483,Connie Thomas,Lambertmouth
484,Kayla Smith,Lake Nicoleville
485,Renee Walker,Edwinport
486,Theresa Washington,Vincenthaven
487,Ashley Fischer,Heatherberg
488,Eric Gould,Ellenland
489,Stephanie Best,North Cherylfurt
490,Charles Morales,East Emilyshire
491,Mr. Mitchell Jones,South Melvin
492,Paul Torres,South Meganmouth
493,Hailey Crawford,Johnsonburgh
494,Sheila Austin,Gregoryborough
495,Amy Hernandez,Williammouth
496,Mike Garcia,South Alan
497,Gregory Watts,Ashleystad
498,Adam Cobb,Devinport
499,Brian Mcneil,East Brettville
500,Peggy Williams,Kristinfort
501,Zachary Hernandez,Lanceview
502,Heather Duke,Port Tracey
503,Emily Hodges,North Abigailchester
504,Tyler Burns,Crystalborough
505,Sara Mullins,Adrianmouth
506,Gary Gonzalez,South Tina
507,Stephen Dawson,Owensville
508,Sophia Lyons,Jamesbury
509,Gary Johnson,East Jay
510,Misty Warren,Brownside
511,Alexis Wilson,Colefurt
512,Andrea Knox,Collinshaven
513,James Jimenez,Lake Tiffany
514,Cindy Dodson,Zacharyville
515,Dr. Joshua Nguyen,South Robert
516,Sean Andrade,New Mark
517,Jeffrey Obrien,West Shelia
518,Victoria Weiss,North Justin
519,Jason Johnson,South Linda
520,Katherine Dillon,East Ninaport
521,Sally Martin,South Christopher
522,Carol Smith,North Josephstad
523,Angela Kaiser,Rossport
524,Alex Lee,Wallaceview
525,Sara Bailey,North Bonnie
526,Samantha Sexton,Jeromeborough
527,Zachary Lewis,Donnaport
528,Cheryl Taylor,West Jessica
529,Brandon Huynh,Micheleland
530,Dorothy Bailey,East Julia
531,Patrick Jones,Boydport
532,Abigail Moody,North Jennifer
533,Darren Ramirez,South Johnbury
534,Kimberly Dyer MD,Lake Tracy
535,Marcus Gonzalez,Teresaberg
536,Christopher Villa,Paulhaven
537,Danielle Le,Claudiaburgh
538,Mark Johnson,Jonathanstad
539,Eric Ramirez,Martinezton
540,Robert Poole,East Jacquelinemouth
541,Tina Sanchez,Jeffreyside
542,Carol Andrade,East Danielfurt
543,Jamie Ochoa,Lake Jillian
544,Crystal Brooks,Thompsonside
545,Bobby Chung,Kempmouth
546,Jennifer Baker,Tonyabury
547,Jordan Alexander,Johnbury
548,Kevin Richards,New Christophershire
549,Rebecca Hayes,Reyesland
550,Brandi Berry,South Samuel
551,Chad Edwards,South Justinstad
552,Samantha Nguyen,Lake Rachelhaven
553,Mckenzie Martin,Rubenborough
554,Sean Dennis,Shannonbury
555,Marc Rodriguez,Gibsonville
556,Judith Castro,Schroederstad
557,David Reed,Youngchester
558,Paul Newman,Port Frances
559,Jason Bean,Port Melanie
560,Laura West,Princemouth
561,Shawn Reeves,Randallville
562,Alexandria Sherman,Hortonton
563,Andrew Coleman MD,Jeremytown
564,Kristen Hoffman,East Danielberg
565,Donna Perry,Francofurt
566,Melissa Pena,Greenfurt
567,Tyler Miller,Jasonbury
568,Scott Smith,South Jeffrey
569,Cheryl Jacobs,Leefurt
570,Tracy George,North Stephen
571,James Graham,New Kathryn
572,Emily Matthews,West Jessicahaven
573,Juan Townsend,East Paul
574,Rachael Powell,Oliviaport
575,Sheryl Lyons,Carlytown
576,Katrina Newman,Wandaside
577,Megan Lang,Michellehaven
578,Kara Watson,New Jacob
579,Debra Petersen,Smithview
580,Allison Stephens,West Stanley
581,Jennifer Harris,East Stephanie
582,Tara Larson,Christopherton
583,Alan Parker,Gilbertberg
584,Pamela Smith,Jillmouth
585,Todd Joseph,Arnoldhaven
586,Mary Porter,Mitchellborough
587,Gary Dennis,East Michaelchester
588,Jeffrey Patel,Oconnorburgh
589,Andrea Walker,South Carlashire
590,Steve Bruce,Cobbshire
591,Dennis Williams,West Kenneth
592,Nicholas Downs,Haleborough
593,Charles Gross,East Michael
594,Michael Miller,North Thomashaven
595,Elizabeth Andrews,New Carolyn
596,Connor Phillips,Port Markville
597,Donna Wilson,Brownside
598,Kelly Cunningham,Lake Bobby
599,Kathleen Williams,North Aaronmouth
600,Richard Hayes,Escobarburgh
601,Ernest Roberts,Kirkview
602,David Anderson,Elizabethville
603,Duane Jackson,Justinville
604,Stephanie Spencer,Lake Markmouth
605,Emily Johnson,Port Robertfurt
606,Troy Rodriguez,Briggsmouth
607,Tammie Rowe,Heidimouth
608,Angela Garner,East Margaretbury
609,Jennifer Johnson,Bellport
610,Sean Parks,Lake Michaelborough
611,Jaclyn Cunningham,Markborough
612,Joseph Jordan,Olsonville
613,Christine Marshall,East Melinda
614,Christopher Hamilton,South Jamestown
615,Colin Stewart,West Jeremiah
616,Michael Walker,Lake Anthonychester
617,Louis Kelley,Port Tammy
618,Christina Brown,West Loriburgh
619,Michelle Sherman,Adamsville
620,Olivia Little,West Ashley
621,Carrie Velasquez,Johnmouth
622,Rebecca Price,North Lynn
623,Amanda Patterson,South Elizabeth
624,Raymond Montgomery,West Colleenview
625,Carol Garcia,Leslieville
626,Mr. Steven Tucker,Englishtown
627,Makayla Daniels,East Michelle
628,Jennifer Hayden,Port Michellebury
629,Cynthia Wilson,New Christophershire
630,Mrs. Norma Massey DDS,Philipfurt
631,Mary Patterson,New Catherine
632,Eric Smith,Lake Debbiehaven
633,Heather Thomas,Taylorport
634,Karen Smith,West Jesseberg
635,Jade Martin,Brandonchester
636,Shannon Ortiz,Michaelfurt
637,Sara Herring,Greenmouth
638,Mrs. Alicia King,Patriciahaven
639,Christine Johnson,South Theresaville
640,Trevor Smith,Staceyton
641,Alan Jennings,Lake Jamie
642,Mark Johnson,West Gailland
643,Kristie Jones,Jonesville
644,William Alexander,New Cathymouth
645,Jonathan Ross,Jasonborough
646,Diana Hansen,West Erinfort
647,James Bradshaw,Port Courtneyview
648,Terry Liu,Deanshire
649,Nicole Hawkins,New Linda
650,Michael Mclean,North Brittanymouth
651,Kristina Jackson,Wilsonburgh
652,Thomas Vega,East Donaldville
653,Lauren Mooney,Kimberlyside
654,Evan Matthews,Stevenmouth
655,Lindsey Hunt,Port Nicolefort
656,Donna Hobbs,South Travisshire
657,Jessica Harris,North Laura
658,Erin Pierce,Richardsborough
659,Brenda Reynolds,Mccoyport
660,Edward Clements,Richardview
661,Jeremy Horn,South Jenny
662,Caitlyn Rowe,North Jason
663,Eric Alexander,Lake Bradley
664,Matthew Harrison,Nortonborough
665,Courtney Greene,South Joshuahaven
666,Kyle Rodriguez,West Timothy
667,Caroline Huber,New Kenneth
668,Brandon Blake,East Amanda
669,Jessica Williams,New Brittneyfort
670,Jeremy Johns,North Alexandraton
671,Timothy Chambers,West Emilymouth
672,Rebecca Johns,South Amy
673,Jermaine Price,Gayland
674,Jason Sanchez,North Blake
675,Amy Turner,Stricklandchester
676,Monica Lopez,East Seanton
677,Harold Hernandez,North Amandabury
678,Cody Young,Sandraview
679,Samantha Owens,Lake Feliciachester
680,Virginia Mitchell,West Dianeland
681,Ashley Glenn,North Erikaland
682,Yolanda Walker,Noblefort
683,Jennifer Williamson,Hurleyland
684,Jennifer Lewis,New Williamview
685,Mr. Cory Fox,Lake Charles
686,Michael Calderon,Charlenefurt
687,Casey Cooper,Pacetown
688,Jason Evans,Jacobshire
689,Kristi Anderson,East Taraville
690,Mary Jackson,Lisaborough
691,Robert Brown,Jonathanside
692,Jennifer Ramirez,South Matthewchester
693,Susan Russell,Georgetown
694,Randy West,Hammondstad
695,Brandy Taylor,South Emily
696,Angela Edwards,New Kevin
697,Aaron Wright,East Carlosberg
698,Jason Elliott,Port Carrie
699,Gregory Nash,Richmondport
700,Kathryn Ray,East Jamesport
701,William Bean,New Elizabethshire
702,Angela Cisneros,Adamsborough
703,James Stone,East Crystalport
704,Nicholas Smith,Hallland
705,Jessica Diaz,Richmondville
706,Paige Lambert,Foleytown
707,Tyler Smith DVM,Lake Adrienne
708,Paul Peterson,New Meghan
709,Eric Fuentes,Port Frankfort
710,Anne Herrera,Robertshire
711,Monica Taylor,East Reginald
712,Eric Nunez,Heidiland
713,Victoria Ray,New Marissaborough
714,Mrs. Brittany Bennett,West Vickiland
715,Judith Patel,Port Sarahaven
716,Theresa Fox MD,North Jennifer
717,Gary Adams,Caldwellchester
718,Donna Collier,Tracybury
719,Robert Cunningham,Carrollstad
720,Vincent Hall,Ashleystad
721,Sharon Maynard,Lake Louis
722,Steven Cannon,Huangland
723,James Barnett,Port Theresaborough
724,Kenneth Williams,Smithbury
725,Carol Palmer DDS,New Nicole
726,Kellie Anderson,Leblancberg
727,Makayla Gonzalez,Port Keithburgh
728,Wesley Frederick,West Deborahview
729,Bradley Robertson,Warrenmouth
730,Jessica Castillo,Huntermouth
731,Mary Watts,Lake Toni
732,Elizabeth Lee,North Davidmouth
733,Ashley Taylor,Longville
734,Alicia James,Rachelland
735,Donald Salazar,South Emilyport
736,Paul Salazar,West Kyleport
737,William Blair,Hermanmouth
738,Tracey Gill,Markshire
739,Kevin Adams,East Carolport
740,Robert Johnson,Lake Robert
741,Tamara Bridges,Jamesborough
742,Jennifer Gallagher,East Ronald
743,Victoria Flores,Barnesville
744,Joseph Becker,Michaelchester
745,Aaron Gill,New Nicoleburgh
746,Kristine Perry,Erinstad
747,Nathan Bailey,Guzmanfurt
748,Nicole Nguyen,East Jessica
749,Julie Gonzalez,Angelafurt
750,Jacob Hawkins,New Christopher
751,Thomas Vaughn,Anthonyberg
752,Michael Walker,West Cory
753,Martin Moore,Richardside
754,Curtis White,North Timmouth
755,Edwin Kelly,East Masonburgh
756,Amanda Anderson,North Christopher
757,Paul Mccoy,New Eric
758,William Smith,Lake Kristina
759,Eric Jones,Danielton
760,Vanessa Rollins,Grantfurt
761,Alexandria Jones,North Mark
762,Veronica Martinez,South Sherry
763,Krystal Watson,Frenchport
764,Dustin George,Sosabury
765,Brandon Hanson,Christianmouth
766,Jon Jones,Rossview
767,Scott Johnston,Kennethmouth
768,Erica Sanchez,North Jillton
769,Brandy Waters,Julianborough
770,Timothy Bennett,New David
771,Jennifer Sanchez,Morrischester
772,Sara Newton,West Timothyborough
773,Ashley Sanchez,North Angelamouth
774,Austin Pratt,Jillianborough
775,Christopher Ramirez,Carlsonbury
776,Derek Moore,Kimfort
777,Martin Fernandez,Jessicaburgh
778,Mitchell Macias,Kellyside
779,Pedro Jones,Lawrenceland
780,David Rogers,Jonathanville
781,Jade Mitchell,Whiteheadshire
782,Michael Walls,South Michealhaven
783,Sharon Sellers,New Rebecca
784,Shannon Harrison,Lake Laurentown
785,Dennis Hernandez,Lisamouth
786,Amanda Ford,Port Davidborough
787,Anna Carter,Masseystad
788,Mary Smith,West Timothy
789,Austin Walker,Kendraville
790,Amber Monroe,Lake Dawnview
791,Michael Nguyen,Hurleyside
792,Barry York,South Andreatown
793,Rachel Burns,West Gary
794,Scott Anderson,Donovanville
795,Shannon Mcintosh,South Nathan
796,Stephen Summers,North Katieborough
797,Sherry Galloway,Simonborough
798,Wyatt Strong,East Kristinaside
799,Brandon Mullen,New David
800,Robin Smith,South Todd
801,Jesse Wilson,Port Linda
802,Julie Hardy,West Jasonmouth
803,Rita Graham,Wilsonfurt
804,Deanna Lloyd,North Amy
805,Donald York,Lake Raymond
806,John Mcdonald,East Anthony
807,Kimberly Fleming,East Rebeccafurt
808,Lauren Goodwin,Tiffanybury
809,Judith Smith,East Bobby
810,Alexandria Orozco,South Louis
811,Thomas Freeman,Hallside
812,Manuel Wallace,South Melissaview
813,Jennifer Savage,South Russellton
814,Haley Pierce,Lake Mariaport
815,Sharon Robinson,South Tammy
816,Nicole Anderson,North Stephaniehaven
817,Sandra Jordan,Walshfort
818,Abigail Walker,East Mariofort
819,Rebecca Lam,Lake Daniellestad
820,Jeffrey Stone,Lake Justinhaven
821,Brandy Adams,North Sheila
822,Amy Smith,Phillipsstad
823,Jennifer Barber,Juanstad
824,Kristin Walker,East Jane
825,Jared Warren,Lake Judy
826,Timothy Brewer,South Peter
827,Courtney Rodriguez,Juliafurt
828,Michael Dennis,South Sarah
829,Randall Hendrix,East Robertburgh
830,Beth Figueroa,Lake Erikmouth
831,Michael Hardy,Lopezland
832,Sheri Miller,Laneborough
833,Stacey Jimenez,Anthonytown
834,Stephanie Roach,West William
835,Toni Mason,North Suzanne
836,Mrs. Stephanie Martinez,Leahchester
837,Katelyn Velasquez,Danielview
838,Robert West,West Christopher
839,Zoe Rogers,East Deniseside
840,Timothy Watson,South Austinmouth
841,William Bailey,Berrybury
842,Sonia Jordan,Melanieland
843,Mary Garcia,Port Josephport
844,Timothy Matthews,New Melissa
845,Bradley Doyle,Gomezberg
846,Samuel Fuller,Rodriguezville
847,Robert Wilson,New Jeffreyview
848,Gregory Parker,Smithton
849,Richard Flynn,West Robin
850,Anita Carter,North Gregoryberg
851,Helen Mills,West Ivanstad
852,Beverly Meyers,Kristahaven
853,Joseph Watson,Davidburgh
854,Michael Hickman,Bryanfurt
855,Darryl Sullivan,South Rebecca
856,Anthony Rodriguez,Joannaport
857,Patricia Richardson,Nancyburgh
858,Aaron Lucas PhD,Gonzalezmouth
859,Kathleen Ross,Johnborough
860,Gregory Conway,Kevinhaven
861,Alexander Mason,Lake Angelaville
862,Richard Graham,South Wendy
863,Aaron Hanson,North Brianmouth
864,Joel Oconnell,Amandaville
865,Maria Perez,East Katie
866,Joseph Williams,Benjaminview
867,Priscilla Parrish,East Jamesside
868,Joseph Rodgers,South Cheryl
869,Aaron Martin,Lake Jill
870,Paul Carter,Port Alan
871,Benjamin Boyle,Port Darrellton
872,Jasmine Cordova,Lisaville
873,Paul Gonzalez,South Marvinland
874,Selena Aguirre,Port Nathanport
875,Michelle Mckee,Lake Jeffery
876,Jeffrey Walker Jr.,East Colleen
877,Chad Powell,New George
878,Jennifer Lee,East Jason
879,Patty Blackwell,West Matthewmouth
880,Barbara Gilmore,South Natasha
881,Tonya Booth,Lake James
882,Janice Conrad,Sharpborough
883,Lucas Powell,East Reneeborough
884,Scott Black,East Pamela
885,Annette Lopez,Nealchester
886,Alan Carroll,Millsshire
887,Jodi Moss,Browningmouth
888,Meghan Lee,East William
889,Carolyn Pacheco,Christophermouth
890,Tammy Woods,Heatherville
891,Pedro Wilkinson,North Katrinachester
892,Tiffany Wilson,Reginaside
893,Michelle Jenkins,Amandamouth
894,Eric Rodriguez,Scotttown
895,Danielle Gross,North Christopherfurt
896,Patrick Williamson,Reeseton
897,Jennifer Stevens,Port Edwardhaven
898,Alisha Green,Rayhaven
899,Kenneth Benson,New Kimberlytown
900,Terry Mckenzie,Hunterbury
901,Sara Patterson DVM,Fosterberg
902,David Patrick,New Dustinmouth
903,Monica Garrett,East Christophertown
904,Bryan Ali,North Amanda
905,Elizabeth Fox,Port Katie
906,Hannah Hoffman,New Jon
907,Jonathan Collins,Tonyaville
908,Lisa Greene,Bobbyhaven
909,Kristin Matthews,Wellston
910,Debra King,Port Kimberlyfurt
911,Lisa Smith,Wrightborough
912,Brad Graham,Curtischester
913,Mrs. Mikayla Mason,East Juanland
914,Pamela Thomas,Latoyachester
915,Anita Scott,East Sean
916,Jeffrey Burke,Churchville
917,Tammy Duncan,Lake Seanhaven
918,Sharon Davis,Port Robert
919,Ariana Blackwell,Mitchellton
920,Cindy Thomas,Smithfort
921,Julia Powers,Brownland
922,Christina Schneider,Port Anitaton
923,Heather Vargas,West Charleneport
924,Paul Hernandez,Antoniochester
925,Zachary Norton,East Sallychester
926,Sean Collins,North Lisa
927,Angela Martin,Nicholasmouth
928,Perry Nielsen,Hunterton
929,Denise Gallegos,South Kimberly
930,Pamela Crawford,South Paulaton
931,Brandi Bates,East Kelly
932,Peter Johnson,Omarberg
933,Joel Foster,Hoodfurt
934,Stephen Camacho,Huntershire
935,Craig Bennett,New Kenneth
936,Michelle Dennis,North Jennifer
937,Christopher Myers,South Lisa
938,Sean Lopez,East Christopher
939,Stephanie Pittman,New Matthewbury
940,William James,South Walter
941,Pamela Cooper,Lake Debbie
942,Ashley Allen,Lake Gloriafurt
943,Jermaine Gardner,North Christopher
944,Daniel Lane,South Samantha
945,Nancy Warner,Kristinchester
946,Jacob Sanchez,Melissafurt
947,Catherine Mitchell,Lake Lisa
948,Alexandra Miles,Weeksshire
949,Autumn Campbell,Oliviastad
950,Abigail Romero,Goldenstad
951,Richard Stevens,West Jodiport
952,Karen Turner,Jeanetteport
953,Kenneth Clay,Salazarshire
954,Lindsay Nunez,West Christopherport
955,Dustin Villarreal,New Jameschester
956,Mary Hernandez,Johnsonview
957,Lawrence Salinas,Francoberg
958,Joseph Jackson,New Joeview
959,Anthony Ross,East Hannah
960,Cole Cook,West Taylor
961,Sarah Huang,Lake Andrew
962,Tony Cannon,South Jeremy
963,Dennis Beck,South Katherine
964,Kaitlin Anderson DDS,Lake Gregorymouth
965,Nicole Atkins,Port Wendy
966,Debra Oconnor,Port Amber
967,Michelle Shelton,Blairtown
968,Brittney Sanchez,Port Stacy
969,Billy Tapia,Kinghaven
970,Alexander Woodward,East Eileen
971,Felicia Johnson,Floreston
972,Cheryl Taylor,Ryanmouth
973,Lori Butler,Lake Anthonyfort
974,Thomas Reynolds,Lake Robin
975,Andrea Russell,Keithborough
976,Melissa Brown,Boltonville
977,Jacob Giles,Gloverfort
978,Karen Montgomery,East Bryanville
979,Robert Combs,Smithton
980,Dawn Taylor,West Robertville
981,Oscar Douglas,Hendrixton
982,Erin Fischer,East Kimberly
983,Patricia Hughes,East Richardport
984,Erica Bradford,Mcdanielberg
985,Evan Flores,Grayville
986,Daniel Brown,Jordanfort
987,Amy Brooks,New Michaelborough
988,Phillip Freeman,East Carrie
989,James Fox,Lake Tammy
990,Jessica Glover,Chadton
991,Anthony Vega,Craigview
992,Maria Henry,Herreraland
993,Nicole Rice,New Michaelhaven
994,Tonya George,Port Annashire
995,Anne Ali,Waltonville
996,Nancy Ramsey,Ryanburgh
997,James Jenkins,Paulaport
998,Sarah Herrera,Annshire
999,Theresa Mcbride,West Andreburgh
1000,Donna Gomez,South Heather
